student_id,age,gender,course,semester,study_hours,sleep_hours,internet_usage_hours,extracurricular_activity,stress_level,physical_activity_hours,attendance_percentage,assignment_score,internal_exam_score,previous_semester_marks,previous_cgpa,final_score,performance_category,pass_fail
STU1001,23.0,Male,Business,3,5.54,7.62,,Yes,Medium,3.22,,64.31,76.54,50.98,5.78,39.51,Low,Fail
STU1002,20.0,Male,Civil,1,2.26,6.0,3.97,No,Medium,2.74,60.54,91.91,65.98,82.94,6.87,52.13,Average,Pass
STU1003,21.0,Male,Electronics,5,3.53,7.34,2.8,Yes,High,3.13,89.66,83.82,68.47,86.96,7.56,51.59,Average,Pass
STU1004,23.0,Male,Computer Science,8,2.91,9.88,0.88,Yes,Medium,2.98,79.72,81.49,83.25,82.77,6.57,39.36,Low,Fail
STU1005,19.0,Male,Electronics,7,3.48,6.37,5.64,Yes,Low,6.88,68.08,81.45,66.41,72.39,,56.88,Average,Pass
STU1006,24.0,Male,Civil,6,3.65,6.97,4.85,Yes,Medium,1.0,73.29,77.51,68.21,69.35,6.57,41.33,Low,Fail
STU1007,21.0,Male,Mechanical,8,3.63,,2.07,Yes,Medium,0.02,98.14,96.21,59.6,46.76,8.75,45.64,Low,Fail
STU1008,21.0,Male,Computer Science,7,7.08,6.72,2.92,No,Medium,3.5,77.12,72.53,74.03,61.31,7.06,44.91,Low,Fail
STU1009,23.0,Male,Computer Science,3,2.24,7.05,3.07,Yes,Medium,2.44,75.82,78.93,72.9,54.74,7.94,41.95,Low,Fail
STU1010,18.0,Female,Computer Science,2,,6.73,1.03,Yes,High,,66.7,54.59,80.61,37.62,8.02,23.2,Low,Fail
STU1011,19.0,Male,Mechanical,8,8.04,5.28,2.36,Yes,High,3.88,55.27,62.1,59.89,80.86,6.51,31.89,Low,Fail
STU1012,23.0,Female,Civil,7,3.72,6.75,1.73,No,Medium,4.93,76.08,57.59,61.59,54.56,4.94,28.79,Low,Fail
STU1013,19.0,Female,Computer Science,3,3.21,8.25,3.18,No,Medium,0.74,81.91,87.29,79.09,82.94,7.6,43.44,Low,Fail
STU1014,19.0,Male,Computer Science,3,4.42,7.04,2.52,Yes,Medium,2.16,91.2,41.37,71.53,78.23,7.28,55.58,Average,Pass
STU1015,24.0,Female,Computer Science,2,7.95,7.65,,No,,3.64,51.02,67.17,55.31,73.35,7.81,5.27,Low,Fail
STU1016,21.0,Female,Business,4,5.49,6.22,8.05,Yes,High,4.16,64.5,36.08,86.29,74.19,6.95,31.35,Low,Fail
STU1017,20.0,Male,Computer Science,8,3.67,7.4,6.51,Yes,Low,6.29,71.03,62.02,44.22,55.77,6.73,47.17,Low,Fail
STU1018,24.0,Male,Civil,8,6.21,6.84,2.44,Yes,Medium,4.43,77.96,66.11,78.98,92.87,9.41,57.35,Average,Pass
STU1019,24.0,Female,Mechanical,4,2.24,5.36,4.54,Yes,Medium,2.91,76.26,88.62,50.29,65.65,5.58,51.96,Average,Pass
STU1020,19.0,Female,Electronics,1,6.7,6.88,4.83,Yes,Low,1.66,76.54,76.76,94.4,69.53,8.01,78.55,Good,Pass
STU1021,22.0,Male,Computer Science,1,6.02,5.31,6.38,No,Low,2.15,82.9,62.0,46.38,55.26,6.57,9.87,Low,Fail
STU1022,21.0,Male,Computer Science,4,4.23,5.74,2.36,Yes,Medium,2.11,67.16,84.79,84.13,51.03,6.83,42.67,Low,Fail
STU1023,18.0,Male,Mechanical,6,2.9,6.73,6.18,No,,3.98,89.21,72.21,66.86,72.16,6.85,21.53,Low,Fail
STU1024,24.0,Male,Civil,5,2.78,6.86,2.9,Yes,Low,3.39,83.2,72.45,62.87,68.26,6.32,53.24,Average,Pass
STU1025,20.0,Female,Mechanical,3,6.34,5.07,1.33,Yes,Medium,1.01,74.16,57.57,70.6,53.16,7.83,41.35,Low,Fail
STU1026,22.0,Male,Mechanical,5,8.07,7.76,5.45,Yes,Medium,2.35,97.21,60.12,76.85,43.42,8.73,26.7,Low,Fail
STU1027,22.0,Male,Computer Science,3,3.41,7.19,6.58,No,Medium,4.32,96.68,62.1,55.34,45.95,7.72,55.0,Average,Pass
STU1028,18.0,Female,Business,4,6.15,5.65,9.18,Yes,Medium,3.53,89.19,72.56,56.58,82.94,7.31,64.88,Average,Pass
STU1029,24.0,Male,Civil,1,0.0,4.65,1.6,No,Low,3.85,41.78,72.93,77.09,55.8,6.11,17.91,Low,Fail
STU1030,20.0,Male,Computer Science,6,3.54,6.33,5.4,Yes,Medium,3.57,96.95,90.53,44.1,59.92,7.77,67.8,Good,Pass
STU1031,21.0,Female,Business,1,4.92,5.96,3.18,Yes,Low,5.44,87.54,76.62,59.82,86.76,9.57,53.97,Average,Pass
STU1032,17.0,Female,Mechanical,5,2.73,6.64,5.57,Yes,Medium,3.35,100.0,39.51,100.0,48.17,6.78,30.68,Low,Fail
STU1033,20.0,Male,Mechanical,1,2.66,6.06,1.06,Yes,Low,2.42,92.85,75.15,54.45,54.1,6.79,28.06,Low,Fail
STU1034,18.0,Female,Civil,4,3.33,4.09,1.47,Yes,Medium,1.63,,54.6,84.07,53.47,6.58,64.04,Average,Pass
STU1035,22.0,Male,Civil,6,5.73,6.03,2.45,Yes,Low,3.37,88.54,60.41,59.8,89.27,6.66,70.81,Good,Pass
STU1036,21.0,Male,Mechanical,5,4.53,6.13,4.16,No,Medium,0.0,94.18,62.25,75.13,94.9,4.18,68.69,Good,Pass
STU1037,20.0,Female,Computer Science,6,0.0,7.26,2.72,Yes,High,2.72,100.0,64.04,77.16,76.27,7.65,51.17,Average,Pass
STU1038,17.0,Male,Electronics,8,0.0,5.66,5.32,No,Low,2.69,80.6,55.5,83.81,76.75,6.27,53.43,Average,Pass
STU1039,17.0,Male,Business,3,3.48,,6.05,Yes,Medium,0.95,59.13,74.44,65.2,56.29,5.43,35.29,Low,Fail
STU1040,19.0,Male,Computer Science,1,6.14,4.21,5.2,No,Low,1.61,74.31,55.07,95.84,94.21,8.03,69.74,Good,Pass
STU1041,19.0,Male,Electronics,6,0.0,,7.24,No,Medium,4.21,82.68,76.28,59.75,69.02,6.01,41.33,Low,Fail
STU1042,23.0,Male,Electronics,2,3.75,6.23,4.83,Yes,Medium,3.35,78.9,98.84,71.28,77.8,6.83,56.56,Average,Pass
STU1043,18.0,Male,Electronics,8,3.68,7.53,1.57,Yes,Medium,3.15,63.04,56.05,71.43,63.42,8.81,38.26,Low,Fail
STU1044,24.0,Male,Mechanical,1,8.47,6.6,6.73,No,Medium,3.46,58.43,68.59,52.29,60.98,5.65,38.78,Low,Fail
STU1045,20.0,Male,Business,3,4.04,,2.79,No,High,3.14,69.11,41.72,64.0,89.95,5.51,35.63,Low,Fail
STU1046,20.0,Female,Computer Science,6,5.96,6.04,5.82,Yes,Medium,4.86,87.69,68.39,70.26,73.1,7.5,43.89,Low,Fail
STU1047,24.0,Female,Computer Science,5,5.35,5.18,7.15,Yes,Medium,3.19,96.96,79.71,61.95,86.77,8.46,56.76,Average,Pass
STU1048,23.0,Female,Computer Science,3,0.0,8.2,4.91,No,Medium,0.81,89.0,80.65,100.0,68.83,5.47,62.35,Average,Pass
STU1049,22.0,Female,Business,2,6.92,6.36,1.01,Yes,High,5.45,90.69,72.93,56.26,52.27,,39.35,Low,Fail
STU1050,22.0,Male,Mechanical,6,5.54,6.77,2.16,No,High,3.56,77.03,82.67,84.51,56.25,,47.06,Low,Fail
STU1051,23.0,Male,Computer Science,7,,7.98,6.65,Yes,Medium,2.12,57.1,100.0,79.99,66.54,4.93,42.36,Low,Fail
STU1052,22.0,Female,Civil,7,12.0,5.26,3.66,Yes,High,1.12,72.54,92.55,67.81,55.6,8.08,38.38,Low,Fail
STU1053,19.0,Female,Business,4,0.0,7.21,4.16,No,Medium,3.59,74.89,65.73,55.89,48.39,8.16,16.86,Low,Fail
STU1054,20.0,Female,Civil,1,,5.79,5.52,No,High,2.82,72.04,54.59,57.24,83.02,6.86,41.37,Low,Fail
STU1055,23.0,Male,Business,5,4.28,6.34,5.39,Yes,High,5.36,78.66,67.13,60.75,56.83,8.58,28.52,Low,Fail
STU1056,20.0,Male,Computer Science,4,5.72,6.59,4.56,No,Low,2.48,83.3,60.64,43.0,67.07,8.45,61.35,Average,Pass
STU1057,24.0,Male,Civil,6,4.89,4.7,3.58,No,Medium,1.74,88.24,,53.95,69.44,7.31,52.32,Average,Pass
STU1058,17.0,Male,Electronics,7,3.94,5.57,3.37,No,Medium,4.34,74.66,57.83,47.25,56.18,6.7,47.96,Low,Fail
STU1059,19.0,Female,Civil,7,3.58,8.12,5.72,Yes,Medium,4.39,55.15,71.13,86.84,86.76,,55.84,Average,Pass
STU1060,21.0,Female,Civil,7,5.82,7.56,5.11,No,Medium,3.25,72.21,82.06,76.66,48.24,7.16,17.63,Low,Fail
STU1061,19.0,Male,Civil,6,1.21,6.42,3.49,No,Medium,4.01,78.52,70.79,79.0,68.92,7.83,54.66,Average,Pass
STU1062,23.0,Other,Mechanical,7,6.88,6.79,6.16,No,Low,2.94,92.67,60.64,76.24,68.69,6.84,45.26,Low,Fail
STU1063,21.0,Female,Computer Science,3,3.96,6.15,,No,Low,3.35,71.19,86.1,70.34,64.19,4.78,51.96,Average,Pass
STU1064,17.0,Male,Mechanical,8,2.17,8.13,2.3,Yes,Medium,4.75,84.15,49.45,88.45,45.55,8.6,29.46,Low,Fail
STU1065,23.0,Male,Business,6,3.87,6.26,2.48,No,Low,3.94,81.48,68.07,59.45,78.06,7.41,76.23,Good,Pass
STU1066,18.0,Male,Business,5,8.14,6.78,2.04,No,Low,,78.53,71.5,69.49,76.15,6.78,76.64,Good,Pass
STU1067,20.0,Male,Computer Science,8,3.66,7.88,3.46,Yes,Low,5.03,89.17,72.19,78.46,54.87,8.14,48.79,Low,Fail
STU1068,17.0,Male,Computer Science,4,5.9,5.57,6.47,Yes,Medium,0.0,70.07,74.17,49.5,75.61,8.88,49.93,Low,Fail
STU1069,20.0,Male,Computer Science,5,3.17,8.37,2.39,Yes,Medium,6.08,71.1,79.33,100.0,70.62,4.12,55.82,Average,Pass
STU1070,22.0,Male,Civil,8,6.89,4.66,4.38,No,Low,0.44,77.86,71.58,68.4,45.79,7.68,53.74,Average,Pass
STU1071,18.0,Male,Civil,2,6.71,8.46,2.69,Yes,High,2.06,70.32,67.58,69.99,52.19,5.63,33.94,Low,Fail
STU1072,18.0,Female,Computer Science,7,9.62,6.05,3.48,No,,2.94,84.1,67.11,85.6,82.07,7.75,56.35,Average,Pass
STU1073,17.0,Male,Mechanical,2,4.56,6.21,0.98,No,Medium,2.78,69.44,64.66,80.81,69.64,7.34,37.79,Low,Fail
STU1074,18.0,Female,Civil,1,6.67,4.23,3.56,No,Medium,4.51,80.72,81.45,68.53,56.54,7.9,48.5,Low,Fail
STU1075,21.0,Male,Civil,1,5.25,5.95,3.61,No,Medium,1.41,76.8,64.24,69.82,52.12,6.65,49.16,Low,Fail
STU1076,18.0,Other,Mechanical,8,8.24,5.25,5.08,No,,3.39,80.58,82.16,46.94,57.27,5.14,49.33,Low,Fail
STU1077,20.0,Male,Mechanical,2,3.2,5.77,4.45,Yes,Low,2.13,,72.23,60.21,58.33,6.7,37.75,Low,Fail
STU1078,20.0,Male,Mechanical,6,6.86,6.34,1.6,No,Low,3.44,73.93,65.74,75.24,52.31,7.65,53.42,Average,Pass
STU1079,23.0,Female,Computer Science,5,4.51,7.65,6.17,Yes,High,2.9,79.15,79.42,74.21,38.87,8.32,29.18,Low,Fail
STU1080,20.0,Female,Mechanical,2,4.84,6.75,4.42,No,Medium,3.14,80.42,63.27,85.1,82.1,5.91,63.44,Average,Pass
STU1081,23.0,Female,Mechanical,1,5.23,,4.4,Yes,Medium,2.18,77.95,79.66,66.31,79.56,8.33,84.9,Excellent,Pass
STU1082,20.0,Male,Business,2,5.63,5.19,3.98,No,High,2.23,98.46,74.55,48.58,45.9,6.49,30.3,Low,Fail
STU1083,21.0,Male,Mechanical,6,4.71,5.44,2.96,No,Medium,3.43,66.11,64.84,82.79,67.04,7.6,50.65,Average,Pass
STU1084,24.0,Female,Civil,2,5.54,8.66,4.44,No,Medium,,77.23,78.34,88.11,51.47,6.64,38.1,Low,Fail
STU1085,23.0,Female,Computer Science,5,8.95,5.62,4.95,Yes,Medium,2.1,59.12,78.56,80.58,61.08,7.4,49.91,Low,Fail
STU1086,19.0,Female,Electronics,4,7.46,8.49,0.51,Yes,Low,,82.46,85.89,65.71,59.83,8.18,64.22,Average,Pass
STU1087,22.0,Female,Computer Science,6,7.17,6.21,2.92,No,Medium,3.92,64.62,83.59,82.62,58.58,5.85,44.3,Low,Fail
STU1088,17.0,Male,Computer Science,1,3.86,6.5,3.49,Yes,Medium,,74.66,77.9,100.0,95.04,6.45,93.08,Excellent,Pass
STU1089,20.0,Female,Civil,5,2.78,7.78,4.51,No,High,4.25,73.54,58.47,69.61,58.4,7.4,23.08,Low,Fail
STU1090,18.0,Male,Business,2,7.39,8.03,6.39,Yes,High,1.64,81.37,100.0,49.64,52.88,9.84,53.53,Average,Pass
STU1091,24.0,Male,Computer Science,2,7.19,6.37,2.46,No,,0.33,71.37,55.16,59.79,53.56,6.25,7.14,Low,Fail
STU1092,20.0,Male,Electronics,4,8.68,6.03,3.0,Yes,High,,70.86,83.39,76.76,80.66,9.44,63.78,Average,Pass
STU1093,18.0,Male,Civil,1,3.49,6.43,2.97,No,Medium,1.85,95.23,77.18,45.53,40.22,9.4,48.21,Low,Fail
STU1094,22.0,Male,Computer Science,1,4.43,,2.4,No,Medium,2.88,81.41,57.91,70.37,53.56,7.09,31.96,Low,Fail
STU1095,22.0,Male,Mechanical,3,0.9,,3.31,Yes,Medium,2.04,71.27,70.51,73.32,86.7,6.87,27.21,Low,Fail
STU1096,22.0,Female,Civil,1,4.02,6.51,5.54,Yes,Medium,4.11,74.99,71.05,89.49,68.66,6.44,51.61,Average,Pass
STU1097,18.0,Male,Mechanical,4,7.49,7.24,1.89,Yes,High,2.57,97.74,87.67,86.34,67.88,7.12,63.74,Average,Pass
STU1098,20.0,Female,Computer Science,7,3.83,8.47,4.86,No,Low,3.23,75.18,63.44,80.1,96.98,5.65,70.43,Good,Pass
STU1099,22.0,Male,Electronics,3,6.6,6.96,0.6,No,High,3.24,69.73,,37.72,68.7,7.12,52.38,Average,Pass
STU1100,21.0,Male,Civil,3,4.52,6.87,,No,High,3.29,69.78,43.97,80.89,54.38,8.85,20.82,Low,Fail
STU1101,23.0,Female,Mechanical,2,5.81,4.68,3.34,No,High,2.96,71.41,92.82,77.88,60.77,6.53,33.54,Low,Fail
STU1102,18.0,Male,Computer Science,2,2.13,,7.35,Yes,High,3.77,70.87,59.15,71.58,47.97,6.94,10.55,Low,Fail
STU1103,18.0,Male,Civil,1,5.21,6.97,3.45,Yes,Medium,1.81,62.64,75.92,43.78,83.84,5.33,50.34,Average,Pass
STU1104,20.0,Male,Computer Science,3,0.0,6.39,0.0,Yes,Low,5.1,64.51,70.78,57.13,73.62,7.61,49.63,Low,Fail
STU1105,18.0,Male,Civil,8,4.53,5.88,,Yes,Low,2.65,68.05,70.82,51.66,81.87,7.49,50.98,Average,Pass
STU1106,18.0,Other,Computer Science,2,0.92,6.79,4.07,No,Medium,1.03,85.1,81.72,39.79,83.19,7.27,56.14,Average,Pass
STU1107,22.0,Male,Business,4,8.01,6.43,5.23,No,Medium,3.28,73.43,92.06,67.96,58.79,6.96,55.92,Average,Pass
STU1108,20.0,Female,Electronics,8,6.94,,4.75,Yes,High,1.72,75.51,75.02,56.83,50.83,6.88,36.07,Low,Fail
STU1109,22.0,Male,Electronics,2,6.17,6.6,4.34,No,High,4.0,93.24,79.86,100.0,64.22,7.75,45.6,Low,Fail
STU1110,23.0,Female,Computer Science,6,8.8,5.6,6.32,No,Medium,,93.54,75.95,65.64,51.91,7.17,47.1,Low,Fail
STU1111,24.0,Female,Electronics,6,2.63,7.69,2.92,Yes,,1.82,74.61,84.21,86.11,67.47,7.55,35.66,Low,Fail
STU1112,23.0,Female,Business,2,9.37,6.24,5.79,Yes,Low,3.5,70.43,66.45,46.03,81.98,7.44,64.27,Average,Pass
STU1113,24.0,Male,Business,3,7.33,7.13,0.74,Yes,Low,0.37,67.63,84.9,60.58,62.48,8.44,58.12,Average,Pass
STU1114,22.0,Male,Electronics,7,4.41,5.93,2.19,No,Medium,3.68,86.31,85.33,69.36,67.25,7.94,56.02,Average,Pass
STU1115,23.0,Male,Electronics,7,7.84,5.72,0.39,No,Medium,1.67,75.54,84.99,55.29,63.59,7.41,55.46,Average,Pass
STU1116,20.0,Female,Civil,3,2.23,6.6,3.45,No,Low,2.06,73.36,64.08,62.09,77.04,8.87,53.11,Average,Pass
STU1117,17.0,Female,Business,5,2.94,6.52,3.91,Yes,Medium,1.35,68.24,69.98,64.95,54.98,7.66,35.84,Low,Fail
STU1118,22.0,Female,Mechanical,7,3.48,7.08,4.23,Yes,Low,4.1,68.76,74.87,64.73,32.05,,35.31,Low,Fail
STU1119,24.0,Male,Electronics,6,3.68,6.18,4.12,No,Medium,4.51,81.84,55.55,93.97,72.06,7.87,35.64,Low,Fail
STU1120,21.0,Female,Electronics,4,,4.3,2.14,No,Medium,3.04,62.21,91.14,73.3,79.82,5.17,41.95,Low,Fail
STU1121,24.0,Female,Mechanical,3,8.06,5.98,3.62,No,Medium,1.7,89.94,71.85,74.71,71.7,8.64,61.55,Average,Pass
STU1122,21.0,Male,Computer Science,1,4.35,7.45,1.01,No,Medium,5.38,71.59,75.41,75.56,55.4,7.35,33.47,Low,Fail
STU1123,18.0,Male,Mechanical,6,5.88,6.14,6.73,Yes,High,1.87,76.2,65.08,76.58,47.97,7.14,41.92,Low,Fail
STU1124,23.0,Female,Electronics,4,3.57,6.2,3.39,No,Low,0.0,61.96,56.08,66.84,72.42,7.51,35.69,Low,Fail
STU1125,21.0,Female,Civil,4,0.45,7.68,3.02,No,Medium,3.69,77.85,64.75,63.51,67.12,6.82,38.7,Low,Fail
STU1126,24.0,Female,Computer Science,3,5.68,5.65,7.18,Yes,Medium,1.34,74.06,74.63,70.34,63.11,7.45,50.44,Average,Pass
STU1127,18.0,Male,Mechanical,4,0.22,4.65,,No,Medium,4.48,77.4,80.08,84.2,92.34,6.55,63.8,Average,Pass
STU1128,17.0,Female,Electronics,3,4.83,6.31,,Yes,High,2.43,95.66,73.94,83.77,50.8,8.6,55.46,Average,Pass
STU1129,20.0,Male,Mechanical,7,1.58,5.92,1.81,Yes,Medium,3.91,80.13,76.16,64.63,91.63,7.08,65.69,Good,Pass
STU1130,20.0,Male,Computer Science,2,9.97,,3.86,Yes,Medium,5.1,68.46,,78.75,65.48,6.78,33.91,Low,Fail
STU1131,20.0,Male,Mechanical,6,7.28,6.29,4.86,Yes,Low,1.19,69.46,77.95,65.28,37.47,6.18,54.43,Average,Pass
STU1132,21.0,Female,Mechanical,5,5.26,7.09,5.48,Yes,Medium,2.15,85.14,89.79,68.47,62.31,7.5,72.16,Good,Pass
STU1133,17.0,Female,Mechanical,2,,6.49,9.14,Yes,,2.89,93.58,80.46,61.37,79.39,7.41,63.99,Average,Pass
STU1134,21.0,Female,Mechanical,6,2.88,6.87,0.0,No,Low,5.31,81.38,81.71,65.46,59.52,7.63,52.56,Average,Pass
STU1135,23.0,Male,Mechanical,3,,8.68,5.22,No,Medium,2.01,86.26,75.53,86.78,42.88,,35.68,Low,Fail
STU1136,21.0,Female,Civil,6,5.5,6.09,2.89,Yes,Medium,2.11,,53.96,69.29,62.53,5.44,26.72,Low,Fail
STU1137,17.0,Male,Computer Science,7,5.66,6.83,,Yes,Low,3.72,95.03,59.46,69.89,52.14,7.89,47.25,Low,Fail
STU1138,17.0,Female,Civil,3,8.18,5.89,2.76,No,Medium,2.13,54.6,,47.74,72.38,8.83,39.0,Low,Fail
STU1139,23.0,Male,Electronics,2,6.83,5.48,2.18,Yes,Medium,3.23,86.01,71.87,63.67,76.6,6.07,56.32,Average,Pass
STU1140,17.0,Male,Computer Science,1,5.72,5.8,7.37,Yes,Low,0.67,89.8,77.28,64.62,49.16,8.95,46.01,Low,Fail
STU1141,24.0,Male,Computer Science,1,0.86,5.93,5.68,No,Medium,6.32,61.94,92.12,56.39,54.41,7.51,24.16,Low,Fail
STU1142,17.0,Male,Electronics,8,2.6,6.93,4.05,No,Medium,0.98,67.37,80.71,68.3,76.35,7.19,46.0,Low,Fail
STU1143,20.0,Female,Civil,8,4.69,9.32,6.7,No,Medium,2.52,67.79,87.11,61.99,52.12,,30.51,Low,Fail
STU1144,24.0,Male,Civil,6,5.23,5.64,0.97,No,,,69.25,73.14,69.12,48.77,5.68,39.73,Low,Fail
STU1145,24.0,Male,Civil,1,2.17,6.0,1.34,Yes,Medium,5.87,72.22,62.31,69.7,47.32,8.29,39.59,Low,Fail
STU1146,23.0,Female,Mechanical,3,11.03,6.42,0.0,No,Medium,1.01,80.91,71.31,54.62,70.28,6.35,79.5,Good,Pass
STU1147,19.0,Male,Electronics,4,8.79,6.97,2.6,Yes,High,5.98,88.39,62.34,62.42,69.64,6.34,60.98,Average,Pass
STU1148,19.0,Female,Computer Science,3,6.51,6.82,4.32,Yes,Medium,4.14,90.98,,69.08,54.74,8.29,61.2,Average,Pass
STU1149,17.0,Female,Electronics,4,5.18,8.04,4.21,Yes,Low,3.63,67.95,81.48,84.58,65.08,5.13,50.59,Average,Pass
STU1150,24.0,Female,Electronics,2,4.47,3.59,4.3,No,Medium,1.52,67.86,78.25,71.59,87.91,5.52,55.89,Average,Pass
STU1151,19.0,Male,Computer Science,5,2.62,3.64,1.18,Yes,High,3.86,93.79,86.83,58.73,50.39,7.18,42.78,Low,Fail
STU1152,19.0,Female,Computer Science,4,5.19,5.9,5.61,No,Low,1.91,85.76,47.76,73.59,35.72,7.52,29.61,Low,Fail
STU1153,17.0,Female,Mechanical,1,5.64,7.82,4.48,No,High,4.9,78.99,79.06,91.91,71.83,7.73,57.79,Average,Pass
STU1154,19.0,Male,Civil,3,1.9,4.62,5.47,No,High,1.54,83.68,56.27,80.83,63.34,6.87,17.9,Low,Fail
STU1155,21.0,Male,Business,2,5.84,3.0,0.21,No,Low,2.83,,71.91,75.67,54.35,9.98,48.86,Low,Fail
STU1156,18.0,Female,Business,1,4.61,7.19,4.62,No,High,2.17,84.3,68.26,78.16,74.78,6.95,50.83,Average,Pass
STU1157,23.0,Female,Mechanical,2,0.23,6.79,1.62,No,Medium,1.52,73.97,79.94,88.16,77.59,6.95,46.46,Low,Fail
STU1158,18.0,Female,Electronics,5,2.85,5.19,3.21,Yes,High,4.11,81.23,74.74,83.06,31.88,6.32,24.43,Low,Fail
STU1159,17.0,Female,Mechanical,7,3.97,5.32,5.07,No,Medium,3.8,59.87,88.14,75.93,55.21,7.34,37.03,Low,Fail
STU1160,20.0,Female,Civil,3,9.72,5.34,4.18,No,Medium,4.81,69.75,64.78,82.96,99.76,7.88,60.11,Average,Pass
STU1161,23.0,Male,Computer Science,6,6.39,6.63,2.3,No,Medium,,69.88,80.51,52.86,73.75,8.52,61.48,Average,Pass
STU1162,17.0,Male,Electronics,3,1.66,5.75,4.01,No,High,4.6,73.51,73.95,46.97,75.14,5.56,20.93,Low,Fail
STU1163,24.0,Male,Civil,8,6.22,7.09,0.94,No,Low,6.76,66.88,,70.2,82.59,6.93,55.96,Average,Pass
STU1164,20.0,Female,Electronics,5,1.13,3.07,6.3,No,Medium,2.32,71.6,60.98,68.96,65.26,7.69,37.88,Low,Fail
STU1165,18.0,Male,Mechanical,3,7.71,5.47,3.59,No,Low,5.84,59.83,70.2,60.39,76.95,7.85,43.83,Low,Fail
STU1166,17.0,Female,Mechanical,8,3.82,5.15,6.24,No,Medium,2.61,84.58,85.35,79.56,75.77,7.21,58.29,Average,Pass
STU1167,24.0,Female,Computer Science,6,4.77,6.19,2.95,Yes,Medium,0.94,77.01,77.56,41.92,73.09,7.8,41.11,Low,Fail
STU1168,23.0,Female,Electronics,4,8.31,5.85,2.95,No,Medium,2.54,57.54,57.99,60.51,60.17,6.31,48.09,Low,Fail
STU1169,23.0,Male,Electronics,2,1.78,7.46,2.47,No,Medium,4.57,67.98,70.32,61.21,67.58,8.91,26.72,Low,Fail
STU1170,22.0,Female,Computer Science,6,,4.27,5.75,No,Low,1.74,82.04,96.21,45.09,56.17,8.29,39.95,Low,Fail
STU1171,24.0,Male,Computer Science,1,3.54,6.55,2.58,No,Low,2.1,71.48,73.33,88.93,65.19,5.72,38.45,Low,Fail
STU1172,21.0,Female,Civil,5,7.6,7.17,5.29,Yes,Low,3.89,69.64,68.07,48.97,47.47,6.02,28.7,Low,Fail
STU1173,19.0,Male,Computer Science,4,1.2,8.73,3.24,No,Medium,3.0,77.1,77.9,59.76,53.14,6.05,48.91,Low,Fail
STU1174,20.0,Male,Mechanical,1,0.0,5.92,0.05,No,High,3.88,82.12,81.16,80.71,60.77,7.95,41.06,Low,Fail
STU1175,24.0,Female,Computer Science,1,3.87,6.89,2.86,No,Low,3.36,60.76,66.53,77.04,50.84,,36.85,Low,Fail
STU1176,22.0,Male,Business,5,6.38,4.34,1.64,Yes,High,3.72,84.6,78.03,52.49,57.42,6.84,34.92,Low,Fail
STU1177,19.0,Male,Computer Science,4,8.0,3.63,4.07,No,Medium,2.35,68.4,68.05,77.55,62.54,7.7,55.2,Average,Pass
STU1178,19.0,Female,Electronics,7,3.84,7.51,1.62,No,Medium,3.35,77.78,80.63,72.06,71.03,7.13,42.51,Low,Fail
STU1179,17.0,Female,Business,1,,6.49,5.85,Yes,Medium,1.61,77.57,74.04,100.0,79.24,7.48,69.64,Good,Pass
STU1180,19.0,Female,Civil,1,7.88,7.91,3.82,Yes,High,4.93,71.68,77.78,73.66,58.04,6.03,34.18,Low,Fail
STU1181,21.0,Female,Computer Science,4,0.33,4.85,3.64,Yes,Low,2.05,65.72,,66.02,85.03,7.85,44.13,Low,Fail
STU1182,23.0,Female,Civil,3,4.03,7.12,5.31,No,Medium,4.69,74.57,62.14,56.01,79.08,6.53,51.47,Average,Pass
STU1183,22.0,Male,Electronics,1,5.48,8.74,5.93,Yes,Medium,2.65,97.5,83.35,57.58,72.56,6.84,71.52,Good,Pass
STU1184,19.0,Male,Electronics,2,6.12,7.0,,Yes,Medium,3.3,61.66,,56.44,67.3,7.46,49.88,Low,Fail
STU1185,17.0,Male,Computer Science,4,3.73,6.83,2.46,No,High,2.26,98.31,75.42,87.2,69.79,7.31,41.08,Low,Fail
STU1186,21.0,Female,Computer Science,1,5.09,6.51,0.45,Yes,Low,1.48,74.88,,68.25,82.81,7.23,58.34,Average,Pass
STU1187,18.0,Female,Civil,5,0.0,4.61,2.63,Yes,Medium,0.38,,82.78,75.91,83.35,6.37,56.48,Average,Pass
STU1188,23.0,Male,Electronics,6,3.35,8.13,2.77,No,Medium,1.42,64.96,64.71,89.2,85.02,6.87,41.75,Low,Fail
STU1189,23.0,Male,Electronics,2,6.13,5.77,4.21,No,Medium,2.51,68.74,70.37,34.98,65.62,7.2,50.68,Average,Pass
STU1190,22.0,Female,Civil,8,2.54,7.11,3.31,No,Medium,,71.97,,85.9,73.32,5.69,25.35,Low,Fail
STU1191,23.0,Male,Civil,8,,4.62,5.38,Yes,Medium,4.52,65.45,86.08,68.78,85.15,6.69,50.77,Average,Pass
STU1192,19.0,Female,Computer Science,6,6.12,5.08,2.77,No,High,2.33,75.49,65.71,74.09,55.64,7.63,28.79,Low,Fail
STU1193,17.0,Male,Mechanical,8,4.14,8.22,3.89,No,Medium,1.68,73.12,95.52,56.4,60.22,5.79,16.13,Low,Fail
STU1194,23.0,Female,Computer Science,6,5.43,6.08,6.37,Yes,High,0.84,100.0,75.76,57.43,65.24,,37.33,Low,Fail
STU1195,23.0,Male,Civil,1,2.59,8.24,4.68,Yes,Medium,3.72,64.01,59.48,74.84,78.49,8.6,52.16,Average,Pass
STU1196,18.0,Female,Mechanical,2,4.48,6.41,3.88,Yes,Low,5.07,79.23,76.43,100.0,78.73,5.83,68.87,Good,Pass
STU1197,18.0,Female,Business,2,6.53,4.29,2.8,Yes,Low,4.9,80.97,67.4,82.05,61.54,8.69,75.38,Good,Pass
STU1198,20.0,Female,Computer Science,3,5.39,7.57,2.73,No,Low,4.06,65.16,77.21,85.72,42.37,7.04,56.59,Average,Pass
STU1199,21.0,Female,Computer Science,6,3.53,5.79,2.3,No,Medium,3.96,86.24,71.49,65.31,68.69,,52.59,Average,Pass
STU1200,19.0,Female,Computer Science,2,5.56,7.34,2.92,Yes,Medium,5.55,73.22,72.89,59.6,51.23,6.65,43.54,Low,Fail
STU1201,23.0,Female,Computer Science,3,6.79,6.53,5.51,Yes,Medium,3.5,,61.06,57.07,42.65,8.22,25.8,Low,Fail
STU1202,24.0,Male,Computer Science,4,0.0,4.65,3.56,Yes,Medium,3.97,85.92,83.88,61.16,46.04,7.65,11.82,Low,Fail
STU1203,23.0,Female,Business,3,7.9,6.7,1.3,No,Low,2.52,64.6,58.13,39.26,69.9,6.3,29.71,Low,Fail
STU1204,17.0,Female,Computer Science,5,4.16,9.14,7.54,Yes,Low,0.96,65.43,58.69,57.85,85.42,,53.48,Average,Pass
STU1205,20.0,Male,Computer Science,7,6.06,7.09,4.64,No,Medium,1.97,86.25,76.41,60.16,65.58,5.59,55.63,Average,Pass
STU1206,21.0,Female,Civil,1,7.99,6.43,1.19,Yes,Medium,2.99,73.83,91.23,65.54,68.17,7.41,62.96,Average,Pass
STU1207,24.0,Female,Electronics,4,1.57,7.79,3.12,No,,3.09,89.01,67.77,69.84,82.74,7.83,50.47,Average,Pass
STU1208,20.0,Female,Civil,7,3.23,6.75,4.22,No,Low,5.89,92.52,80.41,73.07,41.83,7.92,56.5,Average,Pass
STU1209,22.0,Male,Computer Science,7,4.28,6.75,7.41,Yes,High,3.12,70.26,84.88,67.79,72.8,7.07,59.41,Average,Pass
STU1210,21.0,Male,Electronics,4,3.04,5.19,1.78,No,High,4.77,87.52,81.78,59.86,64.83,5.93,48.07,Low,Fail
STU1211,23.0,Other,Computer Science,5,9.34,6.78,5.95,No,Low,2.35,68.93,68.27,40.51,73.49,6.45,61.69,Average,Pass
STU1212,23.0,Female,Computer Science,3,2.86,7.74,6.8,Yes,Medium,2.53,100.0,,59.95,57.75,8.47,41.38,Low,Fail
STU1213,21.0,Male,Business,1,3.61,5.5,2.74,No,Medium,1.01,69.68,45.51,54.39,52.73,6.67,34.01,Low,Fail
STU1214,23.0,Female,Computer Science,3,5.51,8.21,3.44,Yes,High,1.89,90.31,68.85,74.52,67.11,7.36,50.84,Average,Pass
STU1215,19.0,Female,Mechanical,2,1.99,6.39,1.93,No,Medium,3.79,88.13,86.14,80.73,89.74,6.02,68.17,Good,Pass
STU1216,21.0,Male,Electronics,3,4.01,5.43,3.59,Yes,Low,3.01,81.79,58.51,81.14,77.91,7.57,64.29,Average,Pass
STU1217,20.0,Female,Electronics,8,,7.7,3.93,No,Medium,4.41,69.95,80.4,78.6,57.38,6.7,43.37,Low,Fail
STU1218,21.0,Male,Business,4,4.17,6.16,5.32,No,Medium,3.27,76.18,60.6,66.13,44.89,8.35,22.46,Low,Fail
STU1219,24.0,Male,Computer Science,1,4.77,7.41,6.18,No,,2.47,52.16,73.27,60.69,39.77,8.05,21.62,Low,Fail
STU1220,23.0,Male,Mechanical,3,3.68,6.15,2.5,No,Medium,6.22,80.69,80.49,57.54,84.74,6.65,64.32,Average,Pass
STU1221,19.0,Female,Business,1,1.21,6.43,0.07,No,Medium,2.86,82.2,64.09,46.9,50.67,7.06,23.97,Low,Fail
STU1222,19.0,Male,Mechanical,1,5.8,7.09,,Yes,Medium,4.74,79.6,74.05,81.89,60.12,6.59,61.01,Average,Pass
STU1223,22.0,Male,Business,2,9.39,6.85,4.59,No,Low,2.4,42.32,67.02,65.55,84.82,5.64,58.48,Average,Pass
STU1224,20.0,Male,Computer Science,2,5.05,4.11,4.5,No,Medium,4.06,62.81,80.46,50.55,40.79,6.26,23.02,Low,Fail
STU1225,18.0,Female,Electronics,4,5.56,5.15,3.35,No,Low,4.39,69.02,74.82,56.43,87.38,7.42,72.33,Good,Pass
STU1226,18.0,Female,Computer Science,5,6.73,7.62,4.25,No,High,3.31,81.5,72.68,55.86,61.2,7.56,35.0,Low,Fail
STU1227,21.0,Male,Civil,8,1.83,6.34,7.03,No,Low,0.0,81.47,90.7,68.6,47.77,7.36,59.79,Average,Pass
STU1228,22.0,Male,Business,7,9.26,5.87,4.76,No,Low,3.03,75.96,79.95,82.94,61.29,6.87,64.97,Average,Pass
STU1229,17.0,Female,Computer Science,1,5.51,4.87,3.25,No,Medium,4.85,85.62,63.72,63.13,54.16,8.23,41.41,Low,Fail
STU1230,21.0,Male,Mechanical,5,9.08,5.2,3.0,Yes,High,3.79,65.69,70.97,36.46,71.61,7.27,31.57,Low,Fail
STU1231,22.0,Male,Computer Science,7,3.17,4.07,3.66,Yes,High,3.67,85.32,71.09,65.35,55.28,7.97,35.72,Low,Fail
STU1232,20.0,Male,Mechanical,7,9.55,6.38,7.27,Yes,,0.42,83.7,72.96,65.81,36.33,5.25,41.08,Low,Fail
STU1233,20.0,Male,Electronics,8,6.94,5.78,3.63,No,Low,1.92,82.53,100.0,64.85,61.69,4.0,47.66,Low,Fail
STU1234,20.0,Male,Business,4,6.38,5.34,3.96,Yes,Medium,3.62,75.82,76.45,59.22,44.65,7.51,38.64,Low,Fail
STU1235,20.0,Male,Mechanical,7,5.59,6.42,3.04,Yes,Medium,3.62,99.97,47.57,71.04,68.06,5.63,45.21,Low,Fail
STU1236,20.0,Male,Electronics,8,4.38,6.94,6.2,No,Low,4.82,83.92,65.49,68.93,47.19,6.97,47.97,Low,Fail
STU1237,22.0,Female,Computer Science,7,8.0,9.01,7.92,Yes,High,2.78,66.38,48.81,67.65,57.68,6.87,44.13,Low,Fail
STU1238,22.0,Male,Computer Science,1,5.35,4.69,4.9,No,Low,3.61,80.98,68.04,73.78,67.74,8.95,43.71,Low,Fail
STU1239,19.0,Female,Computer Science,1,0.08,7.89,4.17,Yes,,3.02,87.03,48.15,61.98,61.81,7.64,45.23,Low,Fail
STU1240,24.0,Female,Computer Science,6,2.21,7.67,4.07,Yes,High,1.52,70.94,61.54,61.19,68.76,7.38,31.18,Low,Fail
STU1241,18.0,Male,Business,5,4.54,5.57,0.0,No,,,91.07,53.75,87.32,75.2,8.12,45.14,Low,Fail
STU1242,23.0,Female,Mechanical,3,,6.74,5.49,No,High,3.65,82.58,76.61,75.83,47.63,7.61,43.01,Low,Fail
STU1243,20.0,Male,Mechanical,8,4.86,5.95,4.27,No,Medium,3.26,49.89,72.01,79.58,64.03,6.7,31.48,Low,Fail
STU1244,17.0,Female,Computer Science,2,8.05,6.72,4.86,Yes,Low,2.07,81.6,75.64,85.17,25.0,8.38,46.78,Low,Fail
STU1245,23.0,Male,Business,8,0.12,8.31,2.58,No,Medium,0.57,73.13,70.75,75.36,68.71,5.98,34.59,Low,Fail
STU1246,22.0,Male,Civil,3,5.36,7.23,3.23,Yes,Low,3.94,84.45,55.27,81.0,60.49,7.56,46.64,Low,Fail
STU1247,17.0,Male,Computer Science,5,0.46,7.11,3.18,Yes,Medium,2.6,89.33,78.16,45.89,50.25,5.5,43.19,Low,Fail
STU1248,17.0,Other,Civil,2,6.9,5.98,6.04,Yes,Medium,3.84,80.34,95.07,70.86,69.74,7.42,60.44,Average,Pass
STU1249,17.0,Male,Mechanical,3,4.76,4.72,3.24,Yes,Medium,5.8,,,65.44,82.59,7.41,52.7,Average,Pass
STU1250,19.0,Female,Computer Science,6,6.05,6.25,8.17,Yes,Medium,0.0,75.86,66.89,91.49,57.86,9.04,56.53,Average,Pass
STU1251,22.0,Male,Electronics,2,2.84,7.95,4.86,Yes,Medium,1.95,85.5,54.86,80.99,50.83,5.48,26.76,Low,Fail
STU1252,17.0,Female,Electronics,1,8.2,4.67,1.45,No,High,2.69,87.66,61.1,59.17,67.48,6.54,31.31,Low,Fail
STU1253,20.0,Male,Computer Science,3,7.6,5.23,3.74,Yes,Low,5.18,76.83,77.44,73.22,44.97,8.1,64.39,Average,Pass
STU1254,21.0,Female,Business,8,6.46,6.65,2.7,Yes,Medium,0.55,87.35,84.88,70.35,55.09,7.57,43.87,Low,Fail
STU1255,17.0,Male,Civil,2,4.68,5.32,0.0,Yes,Low,5.9,,75.13,74.36,83.34,7.4,41.22,Low,Fail
STU1256,19.0,Male,Mechanical,6,6.45,5.55,7.2,No,Medium,3.2,72.93,81.6,53.74,65.93,6.15,51.41,Average,Pass
STU1257,23.0,Male,Electronics,8,3.23,5.99,5.41,Yes,Low,2.86,62.25,80.49,73.04,36.81,6.55,32.58,Low,Fail
STU1258,22.0,Male,Electronics,7,7.14,4.86,5.07,No,Medium,2.7,,78.08,64.81,38.05,8.57,36.87,Low,Fail
STU1259,24.0,Female,Mechanical,2,9.12,5.33,4.33,No,Medium,2.35,81.9,64.1,71.95,67.43,7.14,50.22,Average,Pass
STU1260,19.0,Male,Mechanical,2,7.68,7.34,1.24,Yes,Low,4.57,92.15,74.09,57.86,77.94,7.61,73.51,Good,Pass
STU1261,17.0,Female,Computer Science,6,3.18,4.93,3.03,No,High,1.4,87.49,61.82,59.81,40.74,7.07,14.67,Low,Fail
STU1262,22.0,Male,Mechanical,7,5.9,4.58,5.68,Yes,Low,3.52,74.58,72.21,84.43,71.75,5.9,75.33,Good,Pass
STU1263,21.0,Female,Civil,3,1.77,5.74,1.9,No,Medium,2.42,63.86,75.97,53.28,84.96,8.23,29.67,Low,Fail
STU1264,17.0,Male,Electronics,4,6.43,7.38,0.0,Yes,Low,1.86,83.19,92.15,54.31,93.32,7.75,82.54,Excellent,Pass
STU1265,19.0,Male,Computer Science,3,6.13,6.26,3.55,Yes,Medium,6.88,91.33,56.28,67.28,69.97,9.74,62.78,Average,Pass
STU1266,18.0,Female,Civil,7,0.33,5.94,3.72,Yes,Medium,3.63,87.06,77.78,57.19,72.6,6.08,40.82,Low,Fail
STU1267,20.0,Male,Computer Science,5,2.1,6.55,4.27,No,Medium,3.92,91.01,89.77,55.61,33.0,8.1,24.07,Low,Fail
STU1268,24.0,Male,Computer Science,8,4.29,4.41,5.46,Yes,Low,4.71,75.46,,69.47,96.5,5.76,80.33,Excellent,Pass
STU1269,23.0,Female,Computer Science,6,4.25,7.09,5.28,Yes,Medium,0.87,72.4,82.0,46.93,56.37,7.37,31.3,Low,Fail
STU1270,19.0,Female,Electronics,3,1.98,,4.52,No,Medium,5.63,69.16,79.05,53.89,51.0,8.27,24.89,Low,Fail
STU1271,22.0,Male,Civil,2,5.97,6.01,6.39,No,High,0.0,77.33,87.58,96.76,61.17,4.92,54.19,Average,Pass
STU1272,24.0,Male,Mechanical,6,5.63,7.71,0.96,No,Medium,1.85,77.06,58.95,74.43,87.68,6.97,55.74,Average,Pass
STU1273,24.0,Female,Computer Science,1,4.51,5.15,5.01,Yes,Medium,2.31,80.48,55.37,57.55,98.12,6.58,40.82,Low,Fail
STU1274,24.0,Male,Business,7,3.11,7.85,5.25,No,Low,3.87,76.45,71.92,73.86,66.88,6.43,66.78,Good,Pass
STU1275,17.0,Male,Business,8,7.62,6.69,1.52,No,Medium,3.33,76.4,46.07,75.94,79.97,7.62,46.11,Low,Fail
STU1276,20.0,Male,Business,3,9.14,6.1,0.99,Yes,Low,2.75,68.68,86.77,81.92,65.65,8.43,63.29,Average,Pass
STU1277,17.0,Female,Computer Science,6,3.79,6.48,2.51,No,Low,2.98,89.3,86.65,66.22,49.43,7.05,53.14,Average,Pass
STU1278,22.0,Female,Electronics,8,3.47,6.37,2.68,Yes,Low,1.53,78.92,66.8,81.67,87.15,,72.07,Good,Pass
STU1279,17.0,Male,Business,3,6.23,7.96,5.51,No,Medium,0.75,75.91,67.55,39.46,55.67,7.33,54.89,Average,Pass
STU1280,18.0,Male,Civil,6,4.1,5.21,2.77,Yes,Medium,4.09,69.03,71.13,53.21,88.03,7.2,36.62,Low,Fail
STU1281,20.0,Male,Computer Science,2,4.65,5.58,2.29,No,High,4.04,,72.62,70.29,84.48,6.0,48.58,Low,Fail
STU1282,20.0,Female,Computer Science,1,6.85,7.74,2.78,Yes,,5.38,93.7,73.53,72.61,74.21,8.42,79.24,Good,Pass
STU1283,22.0,Male,Electronics,1,0.23,5.79,6.24,No,Medium,1.81,84.66,78.7,55.24,92.43,7.52,52.33,Average,Pass
STU1284,23.0,Male,Business,5,8.3,7.58,,Yes,High,4.04,,69.93,71.63,98.49,7.63,64.29,Average,Pass
STU1285,18.0,Female,Mechanical,6,5.18,8.54,3.64,No,Medium,2.57,87.16,83.32,59.27,62.37,6.31,58.9,Average,Pass
STU1286,19.0,Male,Electronics,3,3.97,6.02,3.78,No,Medium,4.79,89.07,77.35,64.12,52.87,6.69,29.4,Low,Fail
STU1287,17.0,Female,Computer Science,1,4.78,7.32,6.58,Yes,Medium,4.53,79.49,64.72,82.35,37.04,7.01,53.8,Average,Pass
STU1288,21.0,Male,Mechanical,7,4.91,5.12,2.5,No,Low,3.32,97.18,88.02,80.73,98.67,5.51,66.2,Good,Pass
STU1289,17.0,Male,Civil,1,0.67,7.41,6.63,No,Medium,2.49,80.6,55.7,54.04,58.4,5.34,16.43,Low,Fail
STU1290,24.0,Male,Electronics,4,8.74,6.74,4.42,Yes,Medium,4.44,61.0,70.89,53.2,82.03,6.54,51.06,Average,Pass
STU1291,17.0,Female,Civil,4,5.1,7.07,3.68,Yes,Low,3.97,82.38,83.6,62.24,53.88,7.77,73.86,Good,Pass
STU1292,19.0,Female,Business,1,6.11,5.73,9.0,No,Low,1.97,80.94,63.32,67.63,88.07,6.48,59.05,Average,Pass
STU1293,17.0,Female,Computer Science,6,7.38,4.51,1.89,Yes,Medium,1.01,70.76,75.71,58.79,54.5,6.08,43.58,Low,Fail
STU1294,18.0,Male,Mechanical,5,2.45,7.1,,Yes,High,2.57,84.88,78.52,82.57,47.12,6.3,50.1,Average,Pass
STU1295,18.0,Female,Computer Science,1,6.18,4.02,1.54,Yes,Medium,5.27,57.99,61.67,72.86,61.87,6.7,36.73,Low,Fail
STU1296,20.0,Male,Civil,2,4.33,6.12,5.9,Yes,Medium,,89.89,71.13,73.69,57.02,6.81,38.16,Low,Fail
STU1297,22.0,Male,Mechanical,8,7.12,,7.38,Yes,Medium,1.33,67.46,70.12,50.27,73.94,9.58,46.91,Low,Fail
STU1298,23.0,Female,Mechanical,3,0.0,6.73,7.34,Yes,Low,1.25,66.18,65.38,84.34,64.23,8.36,57.96,Average,Pass
STU1299,21.0,Male,Civil,5,4.75,,6.45,No,,4.91,76.63,99.62,28.52,74.42,8.33,51.58,Average,Pass
STU1300,24.0,Male,Electronics,2,3.49,7.73,3.6,No,Medium,1.3,83.2,62.84,79.68,60.63,8.49,63.15,Average,Pass
STU1301,17.0,Male,Business,5,6.08,5.72,3.27,Yes,High,3.76,79.97,84.06,81.08,55.02,6.1,51.98,Average,Pass
STU1302,17.0,Male,Mechanical,2,6.18,6.53,0.66,No,Low,2.08,69.09,,61.95,56.25,5.86,36.24,Low,Fail
STU1303,19.0,Male,Computer Science,3,,6.44,8.07,No,Medium,5.43,71.93,,85.82,95.67,5.98,54.42,Average,Pass
STU1304,22.0,Female,Mechanical,3,3.22,4.6,4.94,No,Medium,1.84,64.4,73.23,67.12,68.38,8.67,31.89,Low,Fail
STU1305,18.0,Male,Civil,4,4.72,5.37,3.02,Yes,Medium,4.72,75.3,79.79,68.87,35.24,6.6,29.03,Low,Fail
STU1306,21.0,Female,Electronics,6,2.76,5.83,6.66,Yes,Low,3.28,,,72.75,57.2,5.82,100.0,Excellent,Pass
STU1307,20.0,Female,Business,2,7.1,4.06,2.05,No,Medium,3.38,77.95,90.75,100.0,66.45,,71.17,Good,Pass
STU1308,18.0,Male,Business,8,4.08,6.56,4.81,No,High,0.04,88.31,100.0,86.82,92.68,6.94,74.27,Good,Pass
STU1309,24.0,Male,Computer Science,4,0.0,6.2,3.65,No,Medium,0.0,95.46,75.01,77.82,80.43,7.5,49.25,Low,Fail
STU1310,22.0,Male,Business,2,4.06,4.49,5.28,No,Medium,2.67,70.94,64.04,55.22,51.17,7.48,45.1,Low,Fail
STU1311,24.0,Female,Computer Science,4,2.4,6.99,3.87,Yes,Medium,3.37,75.76,77.43,70.01,100.0,6.29,74.11,Good,Pass
STU1312,23.0,Male,Computer Science,3,0.92,7.36,1.1,No,Medium,,100.0,68.81,56.62,64.53,7.95,64.14,Average,Pass
STU1313,20.0,Female,Computer Science,5,1.91,6.77,4.15,Yes,Medium,1.37,95.33,83.11,79.51,83.69,6.5,83.84,Excellent,Pass
STU1314,23.0,Male,Business,7,5.27,6.11,6.1,Yes,High,3.84,57.93,56.43,69.97,47.67,7.03,6.8,Low,Fail
STU1315,19.0,Female,Mechanical,4,8.32,7.21,3.94,No,High,3.84,82.65,100.0,52.26,29.03,7.96,22.41,Low,Fail
STU1316,24.0,Male,Computer Science,2,5.78,7.32,5.55,Yes,Medium,2.79,78.01,82.27,69.14,43.87,6.49,33.43,Low,Fail
STU1317,19.0,Male,Electronics,2,3.48,6.87,1.91,No,Medium,4.17,87.92,51.79,56.11,25.0,6.57,9.95,Low,Fail
STU1318,17.0,Female,Mechanical,7,6.14,5.51,3.95,No,High,1.24,69.06,63.49,70.12,96.68,7.85,53.29,Average,Pass
STU1319,23.0,Female,Computer Science,6,3.85,6.83,2.75,Yes,Medium,2.47,67.92,81.79,55.97,68.22,6.26,39.99,Low,Fail
STU1320,22.0,Male,Business,8,3.26,7.93,5.49,No,Medium,5.47,69.89,86.12,68.38,51.13,6.78,57.39,Average,Pass
STU1321,24.0,Female,Civil,3,2.11,5.78,4.06,No,Low,3.1,71.14,56.73,78.51,71.79,7.81,64.41,Average,Pass
STU1322,21.0,Male,Mechanical,2,0.62,9.02,5.38,No,Medium,3.19,87.78,80.56,67.26,67.84,9.46,48.43,Low,Fail
STU1323,20.0,Female,Business,1,4.03,5.87,6.18,Yes,Medium,,63.83,48.63,62.53,74.31,,58.64,Average,Pass
STU1324,18.0,Female,Electronics,5,5.4,6.54,5.38,Yes,High,0.9,70.53,70.93,70.85,83.14,7.72,63.62,Average,Pass
STU1325,22.0,Male,Business,4,4.76,5.69,4.55,Yes,High,4.19,56.53,85.34,77.76,60.65,7.78,32.66,Low,Fail
STU1326,22.0,Male,Mechanical,6,3.96,6.77,2.0,Yes,Low,5.5,90.09,,52.5,51.8,6.02,26.91,Low,Fail
STU1327,19.0,Male,Mechanical,8,2.64,4.41,3.99,Yes,Medium,2.51,93.25,53.92,71.65,77.42,7.33,51.12,Average,Pass
STU1328,23.0,Female,Computer Science,7,6.52,5.84,2.93,No,High,4.29,74.08,73.75,86.45,77.03,7.17,42.58,Low,Fail
STU1329,24.0,Female,Business,5,1.71,5.19,3.31,Yes,Medium,1.53,74.42,64.74,76.03,66.51,7.55,45.49,Low,Fail
STU1330,24.0,Male,Electronics,3,6.94,6.66,3.25,No,Low,1.97,83.44,79.55,68.81,97.66,7.33,76.47,Good,Pass
STU1331,17.0,Male,Computer Science,6,2.49,7.69,2.04,Yes,Low,3.58,95.69,61.38,76.96,58.43,7.62,55.4,Average,Pass
STU1332,17.0,Female,Computer Science,8,3.12,7.28,0.09,No,Medium,4.2,82.9,62.73,74.33,51.5,6.86,42.12,Low,Fail
STU1333,20.0,Other,Mechanical,4,1.33,3.65,2.66,No,Medium,4.68,69.63,47.75,78.55,71.27,7.26,22.59,Low,Fail
STU1334,19.0,Female,Mechanical,4,3.75,8.95,4.39,Yes,Medium,5.35,58.57,74.04,39.66,54.88,5.85,33.53,Low,Fail
STU1335,22.0,Male,Civil,7,7.44,6.85,,Yes,Low,2.9,,70.07,46.25,72.43,6.85,48.88,Low,Fail
STU1336,24.0,Male,Business,1,6.29,5.57,4.03,No,High,4.79,78.88,57.74,82.07,52.5,8.73,35.83,Low,Fail
STU1337,21.0,Male,Computer Science,7,7.45,6.69,7.8,No,,2.49,70.14,74.33,46.93,59.0,7.55,49.5,Low,Fail
STU1338,19.0,Female,Civil,3,6.31,6.71,6.05,No,,4.35,80.34,84.32,73.62,93.36,7.18,61.14,Average,Pass
STU1339,20.0,Male,Computer Science,6,2.24,5.7,7.29,Yes,Medium,3.31,71.36,69.41,63.07,58.92,9.29,36.42,Low,Fail
STU1340,20.0,Female,Business,6,4.17,6.74,4.78,Yes,Medium,3.67,65.3,75.22,54.05,53.02,5.7,33.4,Low,Fail
STU1341,19.0,Male,Civil,2,3.05,5.77,6.34,No,Low,3.64,,75.28,72.9,82.56,5.98,47.24,Low,Fail
STU1342,20.0,Female,Mechanical,1,8.33,6.01,2.55,No,Medium,0.59,96.75,57.55,70.81,49.23,9.08,57.46,Average,Pass
STU1343,19.0,Female,Civil,1,2.01,5.68,2.71,No,Low,1.31,88.67,96.68,97.54,54.61,7.25,52.12,Average,Pass
STU1344,18.0,Female,Electronics,6,7.23,4.78,0.0,No,Medium,3.15,,66.35,59.25,73.65,6.93,52.96,Average,Pass
STU1345,19.0,Male,Electronics,6,7.23,6.68,6.37,No,High,0.47,84.48,79.87,88.16,79.08,5.88,49.02,Low,Fail
STU1346,23.0,Male,Civil,5,9.57,7.2,7.08,Yes,Medium,4.25,72.84,81.23,72.93,83.31,7.69,78.55,Good,Pass
STU1347,19.0,Male,Electronics,8,,7.12,2.89,Yes,Medium,4.31,93.88,70.32,58.75,53.79,7.8,42.43,Low,Fail
STU1348,20.0,Female,Electronics,5,6.78,7.48,3.49,Yes,Medium,3.49,77.6,79.28,79.19,73.94,6.0,64.97,Average,Pass
STU1349,24.0,Female,Electronics,5,10.7,6.89,2.49,No,Low,1.32,80.65,74.95,75.92,58.01,7.05,80.36,Excellent,Pass
STU1350,23.0,Female,Civil,1,3.46,5.86,4.77,Yes,High,5.07,77.49,54.99,68.5,55.92,6.83,28.67,Low,Fail
STU1351,20.0,Female,Electronics,2,1.16,7.51,6.25,Yes,,6.06,42.64,68.01,71.73,83.05,7.48,41.38,Low,Fail
STU1352,17.0,Female,Computer Science,4,0.3,4.87,0.51,No,Low,,,64.65,59.64,56.76,5.97,59.57,Average,Pass
STU1353,17.0,Male,Civil,5,6.78,5.42,4.82,No,Low,3.77,83.89,66.46,56.44,69.17,8.58,65.93,Good,Pass
STU1354,24.0,Female,Civil,2,0.29,5.34,3.45,No,Low,3.3,81.96,56.35,78.63,67.33,,44.94,Low,Fail
STU1355,24.0,Male,Computer Science,7,4.07,7.8,4.23,No,Low,3.8,77.26,85.52,64.86,48.94,6.8,51.61,Average,Pass
STU1356,23.0,Male,Computer Science,3,6.09,7.63,4.92,Yes,,2.82,79.96,91.22,66.88,79.49,6.96,52.08,Average,Pass
STU1357,18.0,Male,Computer Science,5,5.46,7.08,3.62,No,Medium,2.95,70.83,83.74,71.92,73.4,7.05,44.48,Low,Fail
STU1358,24.0,Male,Electronics,7,6.06,7.79,3.79,No,,4.36,85.4,87.25,71.71,35.21,6.34,26.8,Low,Fail
STU1359,17.0,Male,Electronics,4,5.56,5.44,3.57,No,Medium,6.52,,67.86,47.99,69.16,6.71,58.97,Average,Pass
STU1360,19.0,Female,Civil,3,8.2,6.92,5.94,Yes,Medium,0.9,80.23,64.36,86.01,53.41,6.9,42.95,Low,Fail
STU1361,20.0,Male,Mechanical,3,2.62,6.35,4.84,Yes,Medium,2.84,84.74,62.66,69.7,81.46,8.97,47.44,Low,Fail
STU1362,17.0,Female,Mechanical,4,3.31,7.52,4.44,No,Low,1.23,75.62,79.73,65.16,43.32,8.24,29.86,Low,Fail
STU1363,17.0,Male,Electronics,5,3.07,6.36,1.46,No,Medium,5.39,82.45,74.72,74.03,59.65,8.23,50.46,Average,Pass
STU1364,18.0,Male,Civil,1,7.08,6.04,3.24,No,Medium,2.12,66.1,71.07,71.31,70.43,7.61,49.25,Low,Fail
STU1365,23.0,Male,Electronics,4,7.25,7.15,5.8,No,Low,0.84,66.41,87.54,78.74,65.82,5.97,67.45,Good,Pass
STU1366,23.0,Male,Business,4,6.13,7.55,4.08,No,Low,3.96,80.84,76.86,75.53,76.44,7.15,69.89,Good,Pass
STU1367,22.0,Female,Mechanical,4,7.96,5.7,5.32,No,High,5.62,86.14,61.94,78.05,42.22,,20.72,Low,Fail
STU1368,18.0,Male,Computer Science,3,2.05,6.43,,No,,4.0,55.5,63.83,86.91,89.78,,36.35,Low,Fail
STU1369,19.0,Female,Mechanical,8,9.17,5.23,6.08,Yes,Medium,3.31,84.26,80.18,80.37,72.88,7.9,81.08,Excellent,Pass
STU1370,23.0,Male,Electronics,2,8.81,3.5,4.19,No,Medium,3.61,71.48,84.5,65.75,85.4,9.75,62.11,Average,Pass
STU1371,20.0,Female,Mechanical,7,6.84,6.74,2.98,No,High,5.12,75.69,78.62,52.28,78.11,8.37,58.04,Average,Pass
STU1372,24.0,Female,Computer Science,1,9.45,7.23,0.0,Yes,Medium,1.69,61.93,,91.35,64.83,8.76,62.09,Average,Pass
STU1373,18.0,Female,Computer Science,5,0.86,6.81,,Yes,Low,2.83,67.78,91.62,64.67,45.74,7.44,31.51,Low,Fail
STU1374,24.0,Male,Business,5,16.311317565453248,4.16,3.35,Yes,High,2.32,89.59,77.29,61.38,56.55,8.26,38.06,Low,Fail
STU1375,17.0,Male,Computer Science,7,3.16,6.08,4.78,No,,1.25,78.39,61.94,43.69,88.84,6.41,36.76,Low,Fail
STU1376,20.0,Male,Civil,2,6.8,3.84,3.69,Yes,Low,2.51,73.41,56.28,72.74,85.78,8.08,57.98,Average,Pass
STU1377,20.0,Female,Computer Science,4,2.37,8.14,3.36,No,Medium,4.66,76.6,67.35,70.08,55.71,7.92,38.47,Low,Fail
STU1378,17.0,Male,Mechanical,8,6.89,5.2,0.44,Yes,High,3.85,83.87,81.04,46.79,25.0,7.52,31.58,Low,Fail
STU1379,18.0,Male,Mechanical,1,8.43,8.01,2.12,Yes,Low,3.97,83.29,93.92,74.35,61.81,,55.31,Average,Pass
STU1380,17.0,Female,Mechanical,5,6.74,7.64,4.95,No,Medium,3.22,77.1,77.01,61.03,60.68,6.61,45.67,Low,Fail
STU1381,24.0,Male,Electronics,7,5.71,5.42,7.43,Yes,Low,3.78,91.12,86.02,100.0,61.25,6.99,64.02,Average,Pass
STU1382,22.0,Female,Computer Science,6,2.53,5.14,3.8,No,High,1.8,89.65,69.06,60.03,72.93,7.31,33.62,Low,Fail
STU1383,20.0,Male,Computer Science,8,2.88,6.92,4.66,No,Low,2.54,,79.47,61.91,78.14,,58.18,Average,Pass
STU1384,21.0,Male,Electronics,7,8.12,5.49,5.9,No,Medium,3.29,78.66,81.88,55.75,79.85,7.45,53.28,Average,Pass
STU1385,21.0,Female,Mechanical,8,6.95,6.62,2.38,Yes,High,3.42,85.89,48.24,85.89,71.69,5.31,60.21,Average,Pass
STU1386,24.0,Male,Business,5,4.9,5.92,4.73,No,Low,,81.77,,62.78,37.99,8.35,49.71,Low,Fail
STU1387,19.0,Female,Business,4,3.96,4.36,2.52,No,High,2.79,90.73,83.4,57.85,59.88,7.25,51.66,Average,Pass
STU1388,23.0,Male,Civil,6,0.0,3.82,5.73,No,High,2.43,88.79,75.29,77.9,99.56,6.63,48.22,Low,Fail
STU1389,17.0,Male,Civil,2,2.32,6.77,4.3,No,High,7.74,65.78,57.64,48.68,70.61,6.28,13.5,Low,Fail
STU1390,17.0,Female,Mechanical,1,9.78,5.83,4.6,No,Low,4.36,64.97,42.84,76.75,70.52,6.94,50.48,Average,Pass
STU1391,19.0,Female,Computer Science,2,,5.84,2.43,No,Medium,3.62,69.59,67.61,92.94,70.39,7.96,42.9,Low,Fail
STU1392,19.0,Female,Business,2,5.47,,5.41,No,High,2.65,89.71,71.14,75.93,71.23,7.8,42.17,Low,Fail
STU1393,24.0,Male,Mechanical,7,7.52,7.91,8.17,Yes,High,2.32,59.08,61.39,76.93,29.25,6.42,7.15,Low,Fail
STU1394,24.0,Female,Mechanical,8,1.86,6.17,1.98,Yes,Low,2.8,82.74,73.72,80.18,61.41,6.27,52.72,Average,Pass
STU1395,19.0,Male,Computer Science,1,5.46,6.09,3.32,Yes,High,3.44,82.35,78.08,91.94,64.43,7.92,47.19,Low,Fail
STU1396,20.0,Male,Electronics,1,7.34,7.1,4.46,Yes,Medium,0.18,91.95,80.05,84.94,84.22,6.41,80.29,Excellent,Pass
STU1397,24.0,Female,Electronics,5,5.03,4.87,5.57,Yes,Low,0.65,80.16,,74.16,65.72,7.27,55.94,Average,Pass
STU1398,22.0,Male,Business,5,12.0,6.77,2.88,Yes,,,,56.23,80.65,40.3,7.34,51.38,Average,Pass
STU1399,24.0,Female,Mechanical,1,0.83,7.16,0.0,No,High,3.31,66.49,68.34,55.6,71.45,7.54,14.97,Low,Fail
STU1400,17.0,Male,Electronics,6,7.65,7.32,6.72,Yes,,2.64,63.82,78.87,78.87,52.94,,51.14,Average,Pass
STU1401,24.0,Male,Business,3,4.57,4.18,5.52,No,Medium,5.22,71.54,,53.92,46.75,5.81,23.85,Low,Fail
STU1402,20.0,Female,Computer Science,5,6.93,5.59,0.51,Yes,High,0.78,75.81,77.66,62.86,52.49,5.1,25.27,Low,Fail
STU1403,19.0,Female,Electronics,3,6.1,5.45,2.78,Yes,Medium,1.87,64.01,,24.84,73.14,6.58,35.48,Low,Fail
STU1404,17.0,Female,Computer Science,7,3.17,6.62,7.14,Yes,Medium,5.28,95.65,68.07,73.62,83.88,9.18,74.7,Good,Pass
STU1405,24.0,Female,Civil,6,5.57,7.08,6.9,Yes,Medium,3.2,62.1,63.26,58.99,72.24,9.42,41.49,Low,Fail
STU1406,20.0,Female,Business,1,0.36,8.3,5.88,No,Medium,4.33,94.15,81.22,83.56,74.48,9.21,72.24,Good,Pass
STU1407,22.0,Female,Computer Science,6,6.51,5.91,3.65,No,,6.08,92.22,60.95,73.46,72.1,6.99,60.3,Average,Pass
STU1408,24.0,Female,Business,5,5.75,5.9,4.17,Yes,High,1.96,88.78,,83.74,66.52,5.24,48.66,Low,Fail
STU1409,20.0,Male,Computer Science,2,6.6,7.88,3.74,No,Medium,2.85,69.67,74.49,52.83,75.45,4.62,57.62,Average,Pass
STU1410,22.0,Male,Business,7,7.65,6.86,6.26,No,High,2.59,82.11,71.46,82.54,28.72,6.52,32.33,Low,Fail
STU1411,19.0,Male,Civil,1,5.92,8.02,2.25,No,Low,0.07,62.67,64.12,97.48,66.67,6.98,42.58,Low,Fail
STU1412,24.0,Other,Civil,4,5.37,6.85,2.39,No,,2.53,88.93,55.73,78.7,49.33,8.63,65.85,Good,Pass
STU1413,22.0,Female,Computer Science,7,2.8,5.11,6.02,No,Medium,4.32,77.11,64.23,79.06,82.44,8.15,53.28,Average,Pass
STU1414,17.0,Male,Business,8,3.22,4.9,3.91,No,Low,3.81,73.09,68.04,70.37,62.79,7.45,45.33,Low,Fail
STU1415,19.0,Female,Civil,3,7.97,4.64,6.76,No,Medium,3.93,63.32,43.57,60.65,65.46,6.22,25.42,Low,Fail
STU1416,17.0,Female,Electronics,6,8.59,7.29,2.66,Yes,Medium,2.44,48.27,69.63,78.66,42.42,6.14,45.15,Low,Fail
STU1417,21.0,Male,Civil,1,4.4,7.93,3.89,Yes,Low,2.02,65.54,83.09,46.91,80.25,,61.97,Average,Pass
STU1418,18.0,Female,Computer Science,7,5.12,8.72,2.16,No,Medium,4.9,91.35,78.81,62.15,74.41,7.97,64.1,Average,Pass
STU1419,24.0,Female,Business,6,2.74,7.51,4.01,No,Medium,2.25,73.17,66.05,43.21,73.35,7.63,33.34,Low,Fail
STU1420,22.0,Male,Computer Science,1,7.93,7.9,1.04,No,Medium,3.44,75.97,72.56,58.15,52.8,6.06,49.82,Low,Fail
STU1421,18.0,Female,Civil,5,6.66,5.8,3.02,No,High,3.25,85.87,65.33,76.99,53.4,7.92,47.35,Low,Fail
STU1422,18.0,Male,Mechanical,7,9.85,,1.13,Yes,Medium,5.19,99.67,73.79,75.08,68.35,7.67,63.49,Average,Pass
STU1423,22.0,Female,Computer Science,5,2.8,7.52,5.39,No,Medium,4.46,93.9,90.48,68.71,54.58,6.02,34.22,Low,Fail
STU1424,19.0,Other,Computer Science,7,4.05,7.0,5.43,No,High,1.06,66.33,83.62,70.39,71.52,6.34,43.94,Low,Fail
STU1425,24.0,Female,Computer Science,5,5.58,6.63,0.54,Yes,High,1.22,54.69,,41.6,32.59,7.96,0.0,Low,Fail
STU1426,21.0,Male,Electronics,8,6.62,6.96,6.67,No,Low,3.87,100.0,66.09,62.78,57.69,6.94,57.64,Average,Pass
STU1427,17.0,Female,Electronics,6,4.46,6.89,8.99,No,Low,2.9,100.0,81.0,58.46,91.95,8.95,69.98,Good,Pass
STU1428,20.0,Female,Mechanical,4,2.82,8.04,4.09,Yes,Medium,2.32,80.26,51.76,58.77,71.59,,55.28,Average,Pass
STU1429,17.0,Male,Computer Science,7,7.2,8.05,2.72,No,Medium,4.52,62.75,68.97,76.39,67.5,6.66,41.46,Low,Fail
STU1430,20.0,Female,Computer Science,8,6.8,7.15,9.65,Yes,High,3.28,89.56,79.0,55.95,94.78,7.19,73.94,Good,Pass
STU1431,17.0,Male,Civil,7,2.71,7.51,1.36,No,Medium,3.08,76.7,80.89,59.53,29.96,7.27,20.92,Low,Fail
STU1432,22.0,Female,Computer Science,5,8.39,7.12,4.04,Yes,Medium,4.17,76.64,80.04,38.78,52.77,6.4,54.54,Average,Pass
STU1433,21.0,Male,Business,1,7.93,5.95,4.36,No,High,2.44,88.73,,63.88,58.98,6.2,63.45,Average,Pass
STU1434,24.0,Male,Business,7,5.34,7.41,6.69,No,Medium,5.35,82.01,69.65,52.77,77.88,7.97,40.54,Low,Fail
STU1435,20.0,Male,Mechanical,8,5.2,4.83,,Yes,Low,1.82,63.77,78.46,69.11,78.13,8.13,62.21,Average,Pass
STU1436,24.0,Female,Mechanical,5,6.39,7.76,3.0,No,High,3.99,74.1,60.57,54.68,52.01,7.86,54.13,Average,Pass
STU1437,24.0,Male,Business,2,2.85,5.07,2.1,No,Medium,5.15,85.93,61.86,69.46,79.97,8.87,52.15,Average,Pass
STU1438,24.0,Female,Computer Science,5,5.08,6.84,3.32,Yes,High,0.93,84.12,72.74,65.97,58.95,6.6,41.56,Low,Fail
STU1439,23.0,Male,Computer Science,6,0.0,5.49,1.99,Yes,High,2.48,81.14,74.08,91.41,83.17,9.04,58.6,Average,Pass
STU1440,19.0,Male,Computer Science,4,7.19,7.16,4.1,No,Medium,4.71,89.2,50.09,74.96,49.51,6.21,40.76,Low,Fail
STU1441,17.0,Female,Civil,2,,6.46,2.87,No,Medium,4.74,73.66,77.46,42.25,63.15,6.09,16.06,Low,Fail
STU1442,24.0,Female,Computer Science,6,8.76,4.59,1.01,Yes,Medium,2.74,80.14,81.27,50.29,57.65,5.26,61.89,Average,Pass
STU1443,17.0,Male,Mechanical,6,4.17,7.0,6.51,Yes,Medium,1.9,40.0,71.07,68.77,80.84,6.71,20.92,Low,Fail
STU1444,24.0,Female,Business,6,4.47,5.81,3.0,Yes,Medium,4.43,72.6,100.0,54.98,57.16,6.65,44.13,Low,Fail
STU1445,20.0,Female,Business,1,3.43,7.56,1.46,No,Medium,,87.17,63.8,26.44,64.36,7.78,48.84,Low,Fail
STU1446,19.0,Female,Mechanical,6,4.28,6.5,3.66,Yes,,1.25,73.32,67.67,86.89,72.6,7.47,41.85,Low,Fail
STU1447,19.0,Male,Computer Science,1,8.55,6.97,4.14,No,Medium,1.19,72.41,67.26,78.08,73.18,5.89,46.1,Low,Fail
STU1448,22.0,Male,Civil,6,0.0,5.35,0.51,No,Low,,65.5,71.09,75.29,78.3,,55.09,Average,Pass
STU1449,23.0,Female,Mechanical,3,8.19,5.79,4.66,Yes,Medium,3.94,90.04,68.06,59.5,68.17,6.79,49.44,Low,Fail
STU1450,22.0,Male,Computer Science,8,5.85,5.95,1.91,No,High,2.55,84.58,55.12,73.99,58.73,5.25,21.67,Low,Fail
STU1451,22.0,Female,Computer Science,2,1.98,7.53,7.42,Yes,Medium,4.02,87.9,65.44,58.14,59.75,6.12,44.03,Low,Fail
STU1452,22.0,Female,Business,3,2.31,8.51,,No,Medium,1.93,57.29,70.83,70.87,65.39,6.35,31.57,Low,Fail
STU1453,22.0,Female,Mechanical,6,9.19,5.53,3.2,Yes,High,0.0,76.07,86.74,55.11,68.74,8.78,40.45,Low,Fail
STU1454,22.0,Female,Civil,2,2.64,7.79,2.51,No,Medium,2.36,74.64,98.43,89.23,62.79,7.41,58.43,Average,Pass
STU1455,21.0,Other,Business,2,2.12,3.9,3.79,No,Medium,3.09,74.63,88.03,46.02,65.29,7.93,45.23,Low,Fail
STU1456,19.0,Male,Mechanical,7,7.84,5.07,5.23,Yes,High,2.59,70.61,62.7,85.25,42.24,5.55,27.81,Low,Fail
STU1457,22.0,Female,Mechanical,4,5.85,5.35,3.95,Yes,,1.26,73.85,63.65,68.54,75.01,8.51,55.94,Average,Pass
STU1458,24.0,Male,Electronics,3,2.66,4.88,3.57,Yes,High,0.28,88.2,70.09,61.15,67.72,8.63,47.16,Low,Fail
STU1459,19.0,Male,Electronics,4,5.54,4.6,4.12,Yes,Low,2.23,55.05,93.41,70.34,80.03,5.0,71.3,Good,Pass
STU1460,19.0,Female,Electronics,2,2.44,7.0,2.79,No,Low,4.35,99.33,70.01,78.27,65.0,6.42,54.3,Average,Pass
STU1461,18.0,Female,Civil,1,7.75,6.24,3.31,No,High,4.88,83.81,56.07,87.13,38.92,7.75,37.81,Low,Fail
STU1462,21.0,Other,Mechanical,2,7.65,6.96,0.0,No,Low,4.78,77.49,65.99,72.38,59.62,7.91,58.86,Average,Pass
STU1463,22.0,Female,Business,4,6.33,7.33,5.95,No,Medium,1.78,88.88,81.08,55.53,62.0,6.45,58.94,Average,Pass
STU1464,17.0,Male,Electronics,3,5.9,6.82,4.6,No,High,1.27,60.58,80.28,68.78,76.14,6.86,40.75,Low,Fail
STU1465,20.0,Male,Mechanical,6,9.4,7.29,2.45,No,High,3.74,70.02,69.6,93.44,33.95,6.54,21.73,Low,Fail
STU1466,23.0,Female,Mechanical,7,5.0,6.42,7.8,Yes,High,3.95,76.55,80.2,86.87,65.62,7.32,42.86,Low,Fail
STU1467,24.0,Male,Mechanical,7,2.05,5.08,4.17,Yes,Medium,3.6,94.39,44.72,80.72,72.71,8.52,53.91,Average,Pass
STU1468,17.0,Male,Civil,7,6.12,7.77,1.93,Yes,Medium,0.0,77.44,73.25,79.14,55.08,6.35,66.66,Good,Pass
STU1469,21.0,Male,Computer Science,6,10.22,,5.71,No,Low,1.7,83.4,82.33,77.79,66.12,8.3,63.47,Average,Pass
STU1470,20.0,Male,Mechanical,7,2.46,5.38,4.8,Yes,Medium,2.96,70.93,62.01,84.22,55.59,6.34,45.54,Low,Fail
STU1471,21.0,Male,Computer Science,3,4.1,6.29,4.79,Yes,High,3.73,83.84,61.96,61.61,54.06,,29.11,Low,Fail
STU1472,24.0,Male,Electronics,6,6.04,5.4,3.15,Yes,Medium,4.15,98.13,49.6,49.03,58.87,8.1,47.72,Low,Fail
STU1473,19.0,Male,Electronics,7,4.87,6.0,4.9,No,Medium,3.22,89.95,91.08,68.97,54.34,8.21,66.39,Good,Pass
STU1474,20.0,Male,Mechanical,6,2.54,6.91,3.48,Yes,Medium,3.5,77.02,63.36,56.55,75.25,8.14,54.09,Average,Pass
STU1475,19.0,Other,Business,4,7.8,6.92,5.11,Yes,Medium,3.13,86.11,74.89,53.23,53.98,5.75,36.57,Low,Fail
STU1476,24.0,Male,Mechanical,8,10.8,5.42,0.19,Yes,High,4.03,84.93,79.25,57.92,51.46,6.69,41.63,Low,Fail
STU1477,17.0,Male,Civil,8,,5.91,3.13,Yes,Low,3.47,84.08,90.14,100.0,91.52,8.11,96.53,Excellent,Pass
STU1478,24.0,Female,Mechanical,3,2.74,7.79,7.44,No,Medium,3.1,91.34,70.15,69.91,79.41,7.25,55.62,Average,Pass
STU1479,17.0,Male,Mechanical,5,1.13,7.1,2.47,Yes,High,2.6,91.25,65.53,73.07,37.08,6.02,14.41,Low,Fail
STU1480,20.0,Female,Computer Science,1,5.64,8.99,2.79,Yes,Medium,3.12,76.47,74.08,50.89,53.53,7.7,34.71,Low,Fail
STU1481,20.0,Female,Computer Science,7,,7.92,3.1,No,Low,3.73,85.7,87.41,42.19,68.64,6.41,67.02,Good,Pass
STU1482,22.0,Male,Electronics,1,6.19,7.87,1.57,Yes,Medium,3.4,73.4,69.96,56.53,69.86,9.17,61.2,Average,Pass
STU1483,21.0,Male,Electronics,6,4.99,4.83,0.0,Yes,Medium,3.57,66.92,60.54,88.13,42.64,8.9,36.73,Low,Fail
STU1484,22.0,Female,Computer Science,1,,7.42,3.54,No,Low,5.01,74.77,53.51,72.68,82.38,7.86,77.15,Good,Pass
STU1485,21.0,Female,Computer Science,3,2.27,,4.27,Yes,High,3.4,77.08,57.34,76.38,77.38,8.7,49.85,Low,Fail
STU1486,22.0,Male,Computer Science,3,7.09,5.84,3.89,Yes,Medium,2.03,58.06,82.37,78.34,72.23,7.27,51.47,Average,Pass
STU1487,19.0,Female,Business,2,7.28,6.7,3.71,Yes,High,4.33,88.32,68.15,59.72,85.35,8.04,49.56,Low,Fail
STU1488,20.0,Male,Electronics,8,1.14,7.63,4.09,No,High,0.95,44.79,,87.43,71.78,8.83,15.67,Low,Fail
STU1489,17.0,Other,Electronics,7,8.97,7.1,6.05,No,Medium,1.38,100.0,63.41,59.14,71.73,7.47,63.2,Average,Pass
STU1490,21.0,Male,Computer Science,2,6.44,5.45,3.62,No,Low,3.5,96.02,73.02,87.69,88.37,6.92,71.59,Good,Pass
STU1491,24.0,Female,Mechanical,1,8.5,7.39,2.85,No,Medium,3.77,74.87,69.13,74.19,81.52,5.32,73.9,Good,Pass
STU1492,21.0,Female,Computer Science,5,1.64,5.73,3.44,Yes,Low,1.13,78.11,68.72,42.95,52.38,7.11,52.56,Average,Pass
STU1493,17.0,Female,Computer Science,2,1.59,6.76,5.16,Yes,High,2.43,81.64,88.19,57.53,74.5,8.11,52.12,Average,Pass
STU1494,22.0,Male,Mechanical,2,4.63,6.14,6.82,No,Low,2.09,,90.46,43.01,55.04,8.24,32.86,Low,Fail
STU1495,21.0,Male,Computer Science,3,6.26,6.24,2.74,No,Medium,2.27,80.31,52.68,84.29,72.56,7.75,43.91,Low,Fail
STU1496,23.0,Male,Computer Science,5,9.49,7.42,4.2,Yes,Medium,4.42,76.27,75.93,67.65,72.15,6.6,72.82,Good,Pass
STU1497,19.0,Male,Computer Science,6,6.77,5.25,4.68,No,Medium,4.06,76.87,62.68,36.8,44.25,5.03,21.64,Low,Fail
STU1498,20.0,Male,Computer Science,1,4.39,,2.01,Yes,Low,2.97,80.18,69.02,73.26,63.17,6.66,66.0,Good,Pass
STU1499,17.0,Female,Computer Science,2,2.43,4.31,4.04,Yes,Medium,2.18,62.24,75.71,60.48,68.98,6.87,45.12,Low,Fail
STU1500,20.0,Male,Electronics,5,8.08,5.78,1.07,Yes,Low,0.98,78.47,69.45,47.23,58.46,6.86,53.17,Average,Pass
STU1501,23.0,Male,Civil,8,2.59,6.94,0.46,Yes,Low,5.13,79.96,74.77,91.49,69.72,7.88,54.46,Average,Pass
STU1502,21.0,Female,Mechanical,7,9.07,7.2,4.73,No,Medium,3.89,79.55,80.08,69.5,77.09,9.38,62.35,Average,Pass
STU1503,21.0,Female,Mechanical,5,4.29,6.38,3.23,No,Medium,1.94,,75.53,63.89,64.54,7.34,45.75,Low,Fail
STU1504,24.0,Female,Computer Science,8,8.98,6.43,4.4,Yes,Medium,4.08,91.65,64.24,62.41,68.37,,69.62,Good,Pass
STU1505,23.0,Other,Business,1,17.60510933679202,6.99,3.96,Yes,Medium,2.89,73.76,64.45,46.81,85.75,6.91,45.77,Low,Fail
STU1506,17.0,Male,Electronics,5,4.66,6.22,2.05,No,Medium,2.57,80.73,54.72,49.74,72.1,7.34,38.89,Low,Fail
STU1507,24.0,Male,Computer Science,8,3.7,8.17,3.91,Yes,Medium,3.65,93.57,61.75,85.99,68.01,6.29,55.81,Average,Pass
STU1508,19.0,Female,Mechanical,5,4.15,7.51,1.53,No,High,1.89,77.05,95.54,61.37,50.63,7.33,41.9,Low,Fail
STU1509,24.0,Female,Computer Science,5,6.07,7.55,6.78,Yes,Low,2.48,80.57,62.5,68.31,75.07,7.7,51.89,Average,Pass
STU1510,18.0,Male,Electronics,7,5.19,5.34,1.29,No,Medium,3.18,76.84,57.68,39.38,69.95,7.43,25.68,Low,Fail
STU1511,17.0,Female,Mechanical,8,3.52,,3.61,Yes,High,2.25,92.85,75.84,49.55,84.26,7.7,59.39,Average,Pass
STU1512,18.0,Male,Business,8,4.59,6.14,1.92,Yes,High,4.0,74.91,70.68,76.54,65.7,7.68,27.34,Low,Fail
STU1513,23.0,Male,Electronics,2,5.2,5.29,5.14,Yes,Low,5.8,93.4,69.65,73.29,37.76,5.25,59.76,Average,Pass
STU1514,22.0,Female,Civil,1,0.0,,3.34,Yes,Medium,1.87,76.76,88.91,92.55,39.5,7.9,37.78,Low,Fail
STU1515,18.0,Female,Business,7,6.15,5.85,2.96,Yes,,0.5,67.69,78.59,86.8,76.04,6.46,42.84,Low,Fail
STU1516,19.0,Female,Computer Science,5,2.55,7.29,5.71,No,Low,0.0,86.15,65.64,64.77,56.45,5.99,38.59,Low,Fail
STU1517,24.0,Male,Computer Science,5,2.12,5.22,4.06,Yes,High,2.77,,66.91,74.62,71.55,5.99,41.47,Low,Fail
STU1518,22.0,Female,Electronics,2,0.78,8.56,5.03,Yes,Medium,2.01,85.45,65.97,63.57,66.71,7.68,39.53,Low,Fail
STU1519,24.0,Male,Electronics,1,0.52,5.42,2.04,No,Medium,3.31,45.25,82.5,96.77,62.5,6.96,33.43,Low,Fail
STU1520,18.0,Male,Electronics,3,1.61,6.76,1.19,No,Low,3.2,78.06,68.3,84.09,63.55,5.35,53.92,Average,Pass
STU1521,24.0,Female,Business,7,,7.45,4.21,No,Medium,0.6,72.48,50.48,70.38,52.02,7.73,27.17,Low,Fail
STU1522,23.0,Female,Civil,2,9.88,5.82,3.36,No,Medium,0.28,65.24,71.42,70.81,64.76,5.62,38.39,Low,Fail
STU1523,22.0,Female,Mechanical,1,3.69,,5.25,No,High,3.44,71.36,53.56,88.23,56.23,7.35,24.72,Low,Fail
STU1524,23.0,Female,Electronics,7,5.44,5.02,3.84,No,Low,,71.12,98.21,76.11,59.42,7.46,70.2,Good,Pass
STU1525,18.0,Female,Civil,5,,8.24,4.41,No,Low,2.36,77.42,60.41,89.82,60.15,8.17,69.13,Good,Pass
STU1526,23.0,Female,Business,1,5.33,6.52,0.75,No,Medium,0.51,61.59,70.06,37.29,61.6,9.16,13.74,Low,Fail
STU1527,19.0,Male,Civil,1,,5.78,7.78,Yes,Low,3.71,81.8,75.1,74.46,78.83,5.7,74.79,Good,Pass
STU1528,18.0,Male,Computer Science,6,2.01,6.14,3.67,Yes,Medium,4.91,94.39,68.54,60.78,63.05,7.14,50.46,Average,Pass
STU1529,18.0,Male,Mechanical,1,8.63,7.47,5.4,Yes,High,3.42,81.37,68.52,92.59,80.36,6.9,69.17,Good,Pass
STU1530,18.0,Male,Computer Science,3,9.52,5.8,2.33,No,Medium,1.73,87.71,77.06,89.65,88.07,7.68,68.97,Good,Pass
STU1531,17.0,Female,Computer Science,1,0.79,5.6,4.62,No,High,3.07,91.13,90.31,68.46,77.82,7.44,30.85,Low,Fail
STU1532,24.0,Male,Computer Science,3,2.44,6.23,1.39,No,Low,0.95,92.84,81.21,89.5,73.02,6.81,70.06,Good,Pass
STU1533,17.0,Male,Mechanical,5,4.3,5.09,4.9,Yes,Low,4.59,100.0,89.74,92.96,69.9,6.72,65.78,Good,Pass
STU1534,17.0,Male,Mechanical,3,2.59,8.68,3.29,No,Low,3.12,72.01,59.44,69.04,77.98,5.97,34.26,Low,Fail
STU1535,19.0,Female,Computer Science,7,6.26,5.82,,No,Medium,0.35,69.38,75.81,100.0,66.34,8.29,40.33,Low,Fail
STU1536,22.0,Male,Electronics,5,3.18,7.5,5.4,Yes,High,2.55,87.4,73.86,67.56,79.77,7.71,56.72,Average,Pass
STU1537,24.0,Female,Electronics,5,10.41,6.75,1.53,No,Low,3.69,,76.21,65.0,74.21,8.21,71.35,Good,Pass
STU1538,23.0,Male,Electronics,3,,5.32,2.63,Yes,Medium,2.5,,88.51,80.12,59.6,6.86,70.15,Good,Pass
STU1539,21.0,Male,Computer Science,8,5.53,6.49,4.91,No,Medium,2.59,100.0,69.35,63.05,78.44,6.48,66.07,Good,Pass
STU1540,18.0,Female,Electronics,2,7.57,7.44,8.2,No,High,1.16,78.14,67.13,69.19,66.37,6.01,36.19,Low,Fail
STU1541,23.0,Female,Civil,4,7.76,6.27,3.72,No,Low,3.85,83.11,78.41,87.73,63.41,7.59,62.74,Average,Pass
STU1542,18.0,Male,Computer Science,8,3.59,7.93,5.18,No,Low,2.03,66.24,50.66,68.27,57.86,6.06,29.3,Low,Fail
STU1543,19.0,Female,Computer Science,1,2.96,7.73,3.79,No,Low,0.0,100.0,69.16,44.27,67.49,9.23,52.61,Average,Pass
STU1544,18.0,Female,Electronics,6,,7.6,7.88,No,Medium,2.44,73.96,70.39,73.14,79.95,5.76,41.53,Low,Fail
STU1545,17.0,Male,Business,4,7.15,5.95,0.51,Yes,Medium,4.47,74.3,60.96,58.25,78.33,7.5,57.52,Average,Pass
STU1546,24.0,Female,Mechanical,1,5.35,5.2,4.19,No,High,2.42,73.84,84.68,80.11,70.3,,57.31,Average,Pass
STU1547,21.0,Female,Mechanical,8,1.06,5.76,0.75,Yes,Medium,5.61,70.26,59.25,77.75,73.99,7.86,35.8,Low,Fail
STU1548,20.0,Female,Electronics,8,2.99,6.74,0.0,Yes,Medium,3.64,69.25,70.37,88.6,84.08,7.39,69.31,Good,Pass
STU1549,18.0,Female,Mechanical,1,4.82,7.15,4.59,No,Medium,3.51,71.72,75.52,80.71,62.75,6.13,45.82,Low,Fail
STU1550,23.0,Female,Computer Science,5,4.81,3.89,4.28,No,Low,2.81,61.61,88.24,83.26,48.27,5.68,45.3,Low,Fail
STU1551,17.0,Female,Mechanical,1,9.93,,3.43,Yes,Medium,2.9,68.58,71.87,58.63,84.52,8.05,45.66,Low,Fail
STU1552,20.0,Female,Business,6,1.54,6.69,3.79,Yes,High,,100.0,83.23,79.26,57.05,8.86,30.28,Low,Fail
STU1553,21.0,Female,Mechanical,8,6.26,6.17,10.2,Yes,High,,86.83,80.41,95.56,54.64,6.72,50.45,Average,Pass
STU1554,20.0,Female,Business,1,8.72,8.05,3.48,Yes,High,3.8,89.11,73.48,58.36,38.06,5.95,44.59,Low,Fail
STU1555,17.0,Female,Civil,3,10.68,7.01,5.02,Yes,High,1.6,92.13,58.93,93.2,73.57,4.5,53.05,Average,Pass
STU1556,24.0,Female,Computer Science,4,3.99,8.07,2.7,No,Low,1.39,100.0,54.79,60.31,40.68,6.12,56.2,Average,Pass
STU1557,24.0,Male,Business,3,6.23,6.24,4.59,Yes,Low,1.32,56.74,73.28,56.07,53.75,7.07,48.79,Low,Fail
STU1558,22.0,Female,Computer Science,6,6.42,7.62,3.52,No,Low,6.07,63.24,65.49,72.15,73.82,8.96,44.13,Low,Fail
STU1559,24.0,Female,Mechanical,1,5.49,8.46,3.18,Yes,Medium,3.8,68.36,83.03,78.02,75.83,7.94,58.59,Average,Pass
STU1560,22.0,Male,Computer Science,7,4.75,8.07,7.64,No,Low,3.46,72.36,,80.76,55.22,7.54,73.88,Good,Pass
STU1561,20.0,Female,Computer Science,6,6.09,5.19,6.35,Yes,Medium,1.41,74.39,69.78,54.54,62.99,6.76,32.78,Low,Fail
STU1562,19.0,Male,Electronics,5,16.630562086972176,6.2,4.27,Yes,Medium,,72.64,58.11,74.08,51.91,6.56,34.99,Low,Fail
STU1563,23.0,Male,Computer Science,3,6.71,6.09,0.0,Yes,High,2.83,80.63,78.13,58.4,56.77,8.75,40.0,Low,Fail
STU1564,23.0,Female,Electronics,3,5.32,7.09,3.28,No,Medium,3.32,78.42,59.78,47.16,68.99,7.42,48.07,Low,Fail
STU1565,20.0,Male,Mechanical,2,4.44,7.32,9.41,No,High,1.54,69.33,62.9,55.0,57.48,4.89,34.89,Low,Fail
STU1566,18.0,Female,Computer Science,1,10.12,5.49,3.54,Yes,Low,3.24,51.89,60.25,57.49,61.34,6.46,41.75,Low,Fail
STU1567,18.0,Female,Computer Science,5,3.31,6.58,6.21,Yes,Low,2.36,66.09,70.34,75.3,43.03,6.26,48.46,Low,Fail
STU1568,24.0,Male,Mechanical,7,3.99,4.08,6.88,Yes,Medium,1.85,71.41,86.04,84.13,81.99,6.6,81.84,Excellent,Pass
STU1569,23.0,Male,Electronics,3,9.98,8.23,,No,Medium,4.1,75.04,71.94,47.38,72.65,7.82,53.65,Average,Pass
STU1570,23.0,Male,Civil,3,2.92,5.89,2.32,No,Medium,0.69,64.44,66.68,72.93,76.89,7.08,50.17,Average,Pass
STU1571,22.0,Female,Mechanical,5,3.62,6.57,0.0,Yes,Medium,3.85,72.11,53.69,51.53,84.36,7.12,40.76,Low,Fail
STU1572,19.0,Other,Civil,6,4.63,6.13,5.37,Yes,Medium,4.03,64.43,78.63,76.81,52.62,8.64,42.57,Low,Fail
STU1573,17.0,Female,Mechanical,6,7.1,7.88,2.37,Yes,Medium,1.68,76.49,62.64,59.28,59.62,6.43,43.48,Low,Fail
STU1574,18.0,Male,Electronics,1,5.52,3.09,4.35,Yes,Medium,1.77,65.12,73.41,53.28,36.58,9.25,37.97,Low,Fail
STU1575,23.0,Female,Mechanical,8,1.77,6.48,1.5,No,Medium,2.67,67.81,67.75,79.2,100.0,6.46,66.37,Good,Pass
STU1576,22.0,Female,Computer Science,2,3.67,6.37,3.47,Yes,Medium,,62.3,82.06,59.78,62.76,7.3,40.78,Low,Fail
STU1577,21.0,Female,Electronics,3,3.48,5.96,4.07,Yes,Medium,2.77,76.16,70.11,63.58,80.58,6.89,67.58,Good,Pass
STU1578,22.0,Male,Civil,8,4.81,8.57,4.54,Yes,Medium,3.65,67.6,71.29,36.92,46.43,7.34,45.34,Low,Fail
STU1579,18.0,Female,Electronics,8,6.06,5.44,1.77,No,Low,5.64,88.88,77.83,81.25,79.95,7.69,78.15,Good,Pass
STU1580,18.0,Female,Civil,2,6.05,7.43,6.39,No,Medium,2.24,82.87,97.28,79.49,92.86,7.68,67.98,Good,Pass
STU1581,22.0,Female,Civil,8,0.56,6.93,2.81,Yes,Medium,0.43,77.16,82.66,68.08,64.1,6.37,38.64,Low,Fail
STU1582,17.0,Male,Business,8,7.66,8.01,0.65,Yes,High,4.24,68.43,70.94,46.61,49.84,5.96,22.12,Low,Fail
STU1583,20.0,Female,Business,6,5.63,5.7,3.78,Yes,Medium,5.52,82.57,72.04,84.93,62.92,9.95,66.27,Good,Pass
STU1584,18.0,Female,Electronics,6,8.46,5.62,4.07,No,Low,3.59,86.29,65.7,58.67,31.6,6.67,27.95,Low,Fail
STU1585,22.0,Male,Electronics,4,6.11,7.82,4.32,Yes,Medium,1.37,79.71,60.6,61.65,64.43,7.97,54.75,Average,Pass
STU1586,23.0,Female,Mechanical,7,7.75,7.01,6.72,No,Medium,2.81,97.24,65.37,100.0,77.31,5.43,55.91,Average,Pass
STU1587,22.0,Female,Electronics,1,6.17,4.65,3.53,No,Medium,1.32,83.52,62.73,58.15,64.46,6.89,52.55,Average,Pass
STU1588,19.0,Male,Mechanical,8,8.37,5.85,3.76,No,Medium,3.96,88.96,79.84,78.39,60.74,7.06,57.75,Average,Pass
STU1589,20.0,Male,Civil,4,6.31,6.96,1.79,Yes,Medium,,79.6,59.15,75.87,72.91,7.72,67.96,Good,Pass
STU1590,21.0,Female,Mechanical,7,4.76,7.51,5.64,No,Medium,2.55,86.11,88.0,73.46,74.06,4.21,67.69,Good,Pass
STU1591,17.0,Male,Electronics,4,10.68,5.68,4.37,No,Medium,1.49,68.44,81.02,71.95,40.1,7.38,56.4,Average,Pass
STU1592,24.0,Female,Computer Science,4,7.22,3.0,3.16,Yes,Low,3.19,72.5,72.25,73.27,66.33,,71.7,Good,Pass
STU1593,21.0,Male,Electronics,1,6.43,7.13,0.19,Yes,Medium,2.45,82.19,72.0,71.81,100.0,7.56,73.87,Good,Pass
STU1594,20.0,Female,Computer Science,1,1.81,5.04,6.89,Yes,Low,3.27,82.11,65.31,67.27,44.97,6.06,27.41,Low,Fail
STU1595,20.0,Male,Business,5,1.78,4.08,1.54,Yes,Low,3.03,84.09,75.24,89.16,63.72,6.26,46.25,Low,Fail
STU1596,20.0,Female,Electronics,2,5.73,3.1,2.82,Yes,High,1.52,91.2,85.06,49.62,94.13,6.9,41.68,Low,Fail
STU1597,21.0,Other,Computer Science,2,5.36,7.48,4.72,No,High,3.94,60.9,63.56,82.3,81.56,6.04,28.83,Low,Fail
STU1598,23.0,Female,Computer Science,5,3.46,6.65,1.61,Yes,Low,2.93,66.31,53.6,79.51,57.3,6.68,42.26,Low,Fail
STU1599,20.0,Female,Mechanical,5,5.35,6.23,1.01,No,Medium,1.52,80.75,80.44,77.78,68.09,5.89,47.19,Low,Fail
STU1600,22.0,Male,Mechanical,6,8.97,8.17,0.0,Yes,Low,6.36,69.31,75.89,83.64,64.97,5.18,60.15,Average,Pass
STU1601,21.0,Female,Electronics,7,6.74,7.26,5.44,No,Medium,3.71,100.0,58.56,66.7,53.78,8.32,53.2,Average,Pass
STU1602,24.0,Male,Computer Science,4,2.15,8.44,2.91,Yes,High,2.77,84.19,63.2,41.83,63.89,5.77,27.86,Low,Fail
STU1603,20.0,Male,Electronics,8,4.72,4.83,9.85,No,High,5.12,77.06,61.69,66.99,60.8,7.0,19.76,Low,Fail
STU1604,22.0,Male,Electronics,5,2.99,6.46,2.01,Yes,Medium,5.76,,63.31,54.12,66.69,8.03,40.04,Low,Fail
STU1605,23.0,Male,Mechanical,3,4.03,4.56,2.16,Yes,Medium,2.78,72.24,68.12,57.75,53.77,6.52,27.86,Low,Fail
STU1606,19.0,Female,Mechanical,2,3.97,6.22,2.87,No,Medium,3.52,78.36,68.8,50.61,45.85,6.29,27.3,Low,Fail
STU1607,23.0,Female,Electronics,5,3.81,6.2,4.49,Yes,Medium,1.52,79.34,64.19,61.32,64.38,7.45,57.76,Average,Pass
STU1608,24.0,Male,Computer Science,3,1.86,7.25,3.06,No,High,2.78,72.52,62.9,59.65,90.73,8.43,37.7,Low,Fail
STU1609,20.0,Male,Business,3,4.68,6.55,5.22,No,High,2.7,74.72,69.25,34.71,66.23,5.91,45.7,Low,Fail
STU1610,24.0,Other,Electronics,3,3.6,7.25,2.04,No,Medium,3.28,94.13,74.01,77.8,60.03,7.03,64.3,Average,Pass
STU1611,21.0,Male,Mechanical,6,0.0,7.34,1.24,No,Medium,3.5,94.61,68.2,99.08,76.31,5.29,48.23,Low,Fail
STU1612,18.0,Male,Computer Science,6,10.13,9.09,0.4,No,Medium,3.84,81.02,85.9,76.49,62.63,6.77,49.37,Low,Fail
STU1613,20.0,Male,Electronics,8,7.72,,0.0,Yes,Low,3.36,61.9,78.1,65.16,93.02,7.24,68.59,Good,Pass
STU1614,18.0,Female,Computer Science,8,4.06,5.37,2.96,No,High,1.18,84.46,52.91,67.23,64.94,6.26,43.76,Low,Fail
STU1615,22.0,Female,Mechanical,3,5.05,,3.4,No,Medium,1.59,96.65,78.28,62.11,75.51,6.7,54.01,Average,Pass
STU1616,19.0,Male,Business,7,2.07,5.54,2.74,Yes,Medium,2.18,94.44,79.27,69.26,53.68,5.65,56.1,Average,Pass
STU1617,17.0,Male,Electronics,6,9.24,8.28,6.49,Yes,Medium,2.58,86.81,66.78,67.48,72.55,7.28,73.96,Good,Pass
STU1618,24.0,Female,Computer Science,4,9.74,6.16,6.46,No,High,4.58,95.07,54.06,56.23,69.13,8.36,39.64,Low,Fail
STU1619,23.0,Female,Computer Science,3,5.39,5.82,3.33,Yes,Low,,78.64,72.1,91.56,64.15,5.99,53.16,Average,Pass
STU1620,19.0,Male,Electronics,4,7.56,5.93,0.41,Yes,High,2.46,85.54,71.91,47.18,57.47,6.52,47.93,Low,Fail
STU1621,20.0,Female,Computer Science,4,5.44,7.36,2.87,Yes,High,4.43,69.83,58.54,78.06,55.43,7.75,34.91,Low,Fail
STU1622,18.0,Male,Computer Science,3,1.66,6.31,2.8,No,High,2.55,81.51,54.59,66.58,69.24,8.53,25.15,Low,Fail
STU1623,23.0,Male,Civil,2,3.97,5.73,2.69,Yes,Medium,3.69,93.95,70.95,94.61,74.43,5.56,59.23,Average,Pass
STU1624,18.0,Female,Electronics,7,5.33,8.5,2.6,No,Low,2.79,70.93,69.2,72.77,63.09,,48.3,Low,Fail
STU1625,21.0,Male,Computer Science,3,3.86,5.47,2.69,No,Medium,3.39,67.66,66.99,62.96,69.31,7.51,24.5,Low,Fail
STU1626,18.0,Female,Business,8,4.45,6.54,,Yes,Medium,2.66,79.17,71.0,64.53,64.43,7.09,55.63,Average,Pass
STU1627,21.0,Male,Computer Science,3,4.77,7.28,2.73,No,Low,4.0,75.28,58.77,68.56,66.48,4.48,40.67,Low,Fail
STU1628,22.0,Male,Business,6,4.8,4.54,4.42,No,Medium,0.68,85.79,66.78,52.0,61.99,7.75,15.17,Low,Fail
STU1629,23.0,Other,Electronics,3,5.13,7.08,4.72,No,Medium,2.46,72.56,78.4,57.26,65.27,8.87,44.91,Low,Fail
STU1630,23.0,Male,Business,2,2.35,5.23,2.18,No,High,3.44,98.62,67.8,43.01,100.0,7.33,45.74,Low,Fail
STU1631,17.0,Female,Mechanical,6,3.21,7.49,,Yes,Low,3.8,62.52,51.94,55.08,69.67,6.07,56.13,Average,Pass
STU1632,20.0,Male,Civil,8,1.79,5.34,2.04,No,Medium,5.24,93.04,66.33,69.31,74.68,6.64,43.84,Low,Fail
STU1633,21.0,Male,Business,1,7.44,7.33,0.76,Yes,High,2.41,68.82,59.16,72.2,71.57,9.15,33.73,Low,Fail
STU1634,17.0,Male,Computer Science,1,0.0,7.83,4.76,Yes,High,5.22,56.45,75.21,40.29,61.06,,24.96,Low,Fail
STU1635,18.0,Female,Business,4,7.88,7.53,2.37,Yes,High,2.01,80.85,75.83,66.08,84.41,,52.33,Average,Pass
STU1636,18.0,Male,Electronics,7,8.47,6.8,4.64,Yes,Medium,4.99,74.94,52.09,75.89,60.63,7.59,40.25,Low,Fail
STU1637,17.0,Female,Electronics,4,4.24,6.22,0.0,No,High,4.23,64.68,81.11,65.72,80.83,6.47,46.42,Low,Fail
STU1638,23.0,Male,Electronics,2,0.0,5.81,6.78,Yes,Medium,1.63,57.82,58.65,59.13,59.99,6.98,14.93,Low,Fail
STU1639,18.0,Female,Mechanical,5,4.1,8.27,5.34,No,Medium,3.46,,90.71,62.23,50.6,7.11,27.42,Low,Fail
STU1640,24.0,Male,Computer Science,8,4.84,5.66,1.0,No,Low,2.92,89.71,71.41,60.43,70.48,7.8,74.76,Good,Pass
STU1641,22.0,Female,Mechanical,7,2.47,5.26,1.04,No,Low,3.94,85.02,57.04,59.09,48.43,8.86,43.33,Low,Fail
STU1642,22.0,Female,Mechanical,8,3.71,,7.34,Yes,Low,2.67,,58.3,70.43,73.03,8.43,52.37,Average,Pass
STU1643,24.0,Female,Civil,1,8.83,5.54,2.53,No,Low,2.54,83.75,76.18,100.0,47.09,5.64,57.56,Average,Pass
STU1644,17.0,Female,Civil,4,6.66,5.36,2.33,Yes,Medium,5.05,77.67,67.3,57.59,60.21,7.45,51.69,Average,Pass
STU1645,24.0,Female,Electronics,8,2.69,4.77,0.0,Yes,,2.85,60.84,70.84,63.55,43.52,8.01,43.88,Low,Fail
STU1646,21.0,Female,Electronics,1,1.01,5.92,3.3,No,Low,4.24,60.95,91.35,67.28,100.0,7.88,54.53,Average,Pass
STU1647,21.0,Male,Computer Science,2,4.18,6.4,3.54,Yes,High,2.66,75.56,63.61,58.38,40.19,6.51,26.21,Low,Fail
STU1648,17.0,Male,Computer Science,2,4.47,6.79,5.43,Yes,Low,5.5,,72.72,83.38,65.15,10.0,54.46,Average,Pass
STU1649,24.0,Female,Computer Science,5,6.24,7.64,1.2,No,Medium,1.98,88.21,89.04,34.81,82.15,5.8,56.3,Average,Pass
STU1650,21.0,Female,Electronics,8,3.66,,0.96,Yes,Low,2.08,87.09,75.25,60.57,80.55,6.01,65.33,Good,Pass
STU1651,23.0,Female,Computer Science,5,6.28,6.27,4.9,No,High,5.29,85.26,52.72,79.46,77.77,7.46,45.71,Low,Fail
STU1652,24.0,Male,Business,6,9.84,6.26,6.01,Yes,High,2.33,74.64,78.06,63.88,60.24,9.53,55.71,Average,Pass
STU1653,23.0,Male,Mechanical,7,7.04,7.11,0.86,Yes,Medium,5.4,61.43,58.04,56.51,85.27,6.28,54.62,Average,Pass
STU1654,21.0,Male,Electronics,8,4.88,8.03,,Yes,Medium,4.34,82.94,88.88,74.17,78.7,6.91,49.38,Low,Fail
STU1655,22.0,Female,Mechanical,2,4.54,6.65,4.08,Yes,Low,2.77,84.3,62.13,80.69,68.18,8.39,46.17,Low,Fail
STU1656,21.0,Male,Computer Science,4,4.11,5.94,6.18,Yes,High,0.28,49.34,100.0,70.95,68.61,7.18,35.85,Low,Fail
STU1657,23.0,Male,Electronics,1,7.95,5.31,3.86,No,High,2.97,67.99,89.61,56.78,60.44,6.83,56.99,Average,Pass
STU1658,19.0,Male,Mechanical,3,3.43,4.77,,No,High,3.15,69.71,62.44,74.39,51.36,7.82,16.3,Low,Fail
STU1659,20.0,Male,Electronics,5,5.11,7.3,3.7,No,Medium,4.75,79.42,72.24,62.37,83.56,7.5,53.01,Average,Pass
STU1660,18.0,Female,Electronics,3,5.13,7.19,,Yes,Medium,5.38,68.36,81.04,78.43,84.68,8.33,56.05,Average,Pass
STU1661,24.0,Male,Business,8,3.75,7.19,2.21,No,High,1.97,77.54,81.4,88.77,51.74,8.62,32.15,Low,Fail
STU1662,19.0,Female,Business,4,1.57,6.35,3.22,No,Medium,4.2,75.47,77.31,31.52,62.69,7.54,34.75,Low,Fail
STU1663,21.0,Male,Mechanical,5,5.81,8.19,3.65,No,Medium,4.15,76.09,87.03,69.55,62.85,7.52,64.37,Average,Pass
STU1664,22.0,Male,Mechanical,3,4.85,5.92,0.0,Yes,Low,4.61,69.4,70.52,43.7,64.51,7.44,51.64,Average,Pass
STU1665,17.0,Male,Mechanical,7,6.25,7.65,7.34,No,High,3.75,70.33,67.6,100.0,65.96,7.74,34.75,Low,Fail
STU1666,21.0,Male,Computer Science,4,3.67,6.45,,No,Low,,65.04,67.84,61.45,79.2,7.26,76.27,Good,Pass
STU1667,22.0,Male,Electronics,1,,5.77,5.01,Yes,Low,2.77,82.56,82.3,78.45,53.79,7.2,62.43,Average,Pass
STU1668,20.0,Male,Computer Science,7,2.81,7.21,3.83,No,Medium,1.27,84.85,,67.51,52.3,8.52,35.51,Low,Fail
STU1669,21.0,Female,Electronics,4,9.28,6.99,6.52,Yes,High,2.7,68.75,75.5,56.76,83.55,8.87,67.98,Good,Pass
STU1670,23.0,Male,Mechanical,6,0.63,6.93,4.81,No,Medium,4.47,96.25,81.54,55.09,58.06,5.54,36.99,Low,Fail
STU1671,17.0,Female,Computer Science,5,6.09,6.6,3.53,No,Low,3.46,,47.39,90.2,46.05,7.21,56.2,Average,Pass
STU1672,22.0,Female,Business,2,,6.45,2.21,No,Low,4.72,96.36,,81.38,57.72,6.44,52.05,Average,Pass
STU1673,22.0,Female,Business,1,3.01,9.37,5.6,Yes,High,3.51,70.29,74.62,95.21,60.05,6.86,53.45,Average,Pass
STU1674,22.0,Male,Civil,8,6.06,7.92,0.25,Yes,High,1.05,53.68,92.03,68.78,88.32,7.64,54.54,Average,Pass
STU1675,20.0,Male,Mechanical,7,8.2,7.37,5.29,No,High,0.0,82.83,53.66,72.03,78.87,7.94,60.41,Average,Pass
STU1676,21.0,Male,Business,7,0.0,6.63,1.8,No,Medium,3.22,80.98,90.69,64.26,82.21,7.08,71.14,Good,Pass
STU1677,20.0,Male,Computer Science,3,6.26,7.71,6.5,Yes,High,2.68,78.41,72.9,63.98,77.3,5.1,36.72,Low,Fail
STU1678,24.0,Other,Civil,5,0.0,7.12,4.32,No,Medium,1.53,70.29,77.87,53.41,79.19,6.14,52.45,Average,Pass
STU1679,18.0,Male,Computer Science,8,2.59,6.53,5.29,No,Medium,0.45,77.59,92.11,69.18,54.68,8.19,29.72,Low,Fail
STU1680,18.0,Male,Civil,2,9.07,6.14,4.16,Yes,Medium,1.9,71.86,,56.95,62.02,4.19,39.46,Low,Fail
STU1681,24.0,Female,Computer Science,4,3.55,6.4,0.5,Yes,Medium,2.71,74.37,,74.19,50.15,8.51,34.91,Low,Fail
STU1682,21.0,Female,Business,2,2.07,3.0,2.28,Yes,High,4.0,88.1,74.91,70.38,61.84,7.77,46.04,Low,Fail
STU1683,23.0,Female,Business,5,4.51,6.75,5.34,No,Medium,3.28,80.21,66.2,72.03,75.26,8.65,51.39,Average,Pass
STU1684,20.0,Male,Computer Science,5,10.17,5.91,4.33,No,Medium,5.41,85.32,71.66,91.45,67.02,6.98,60.49,Average,Pass
STU1685,17.0,Male,Electronics,6,0.42,8.41,6.36,No,Medium,1.45,75.22,63.41,67.47,84.67,4.93,44.17,Low,Fail
STU1686,22.0,Male,Business,6,2.37,6.52,4.81,No,Low,4.32,73.9,71.47,78.59,47.88,7.67,45.55,Low,Fail
STU1687,22.0,Male,Electronics,2,8.74,5.07,2.07,No,Medium,3.07,64.16,43.97,96.72,72.5,8.6,55.1,Average,Pass
STU1688,21.0,Male,Business,4,9.64,6.44,2.41,No,Low,4.04,73.56,77.15,86.29,46.28,8.22,65.02,Good,Pass
STU1689,23.0,Male,Mechanical,2,4.74,5.24,4.21,Yes,,2.35,40.0,70.54,84.14,66.41,,60.84,Average,Pass
STU1690,18.0,Male,Electronics,5,1.9,7.07,0.0,No,Medium,4.61,70.92,67.97,63.71,76.11,7.3,41.98,Low,Fail
STU1691,18.0,Male,Computer Science,5,10.24,6.85,7.35,Yes,Medium,3.44,77.02,74.64,71.22,61.78,6.61,51.63,Average,Pass
STU1692,22.0,Male,Computer Science,3,8.99,7.65,4.88,No,High,1.98,84.76,54.8,49.54,73.27,6.3,47.75,Low,Fail
STU1693,21.0,Female,Civil,6,6.7,5.55,6.45,No,Medium,2.98,74.78,95.15,74.98,50.6,8.25,37.55,Low,Fail
STU1694,20.0,Female,Electronics,8,,6.54,0.84,Yes,High,2.64,82.17,70.77,71.84,40.04,5.88,21.15,Low,Fail
STU1695,18.0,Female,Mechanical,8,4.88,4.86,,No,High,3.73,51.84,70.25,68.33,73.36,,39.66,Low,Fail
STU1696,20.0,Male,Electronics,8,4.6,7.34,8.46,Yes,High,1.23,77.32,60.42,82.38,91.16,5.99,50.7,Average,Pass
STU1697,23.0,Male,Mechanical,3,5.83,7.12,1.36,No,Medium,2.96,57.85,72.29,51.09,50.06,,15.93,Low,Fail
STU1698,18.0,Male,Business,1,,7.09,5.54,Yes,Medium,3.59,63.5,88.64,90.89,83.33,7.36,53.66,Average,Pass
STU1699,18.0,Female,Business,8,7.2,6.5,4.0,No,High,3.05,75.75,84.43,80.62,65.65,8.48,48.55,Low,Fail
STU1700,19.0,Female,Electronics,5,2.31,7.0,0.91,Yes,Medium,5.02,93.32,82.25,67.01,44.96,7.0,55.99,Average,Pass
STU1701,18.0,Male,Civil,3,8.44,8.43,4.99,Yes,Low,4.16,82.45,,65.92,48.03,5.54,66.04,Good,Pass
STU1702,24.0,Female,Civil,2,5.78,6.16,5.67,Yes,Medium,2.99,78.22,,74.73,65.24,8.12,52.84,Average,Pass
STU1703,17.0,Male,Mechanical,6,6.72,6.67,2.8,Yes,Low,3.33,77.77,54.6,89.29,58.93,9.05,75.73,Good,Pass
STU1704,24.0,Female,Business,6,8.67,5.2,6.33,Yes,High,3.44,69.44,69.59,69.42,45.31,,32.22,Low,Fail
STU1705,21.0,Female,Computer Science,4,2.22,5.46,0.67,No,Medium,3.6,71.47,69.17,70.02,39.59,6.67,24.4,Low,Fail
STU1706,21.0,Female,Computer Science,2,4.91,6.62,1.01,Yes,Medium,0.26,83.13,84.59,68.25,52.3,7.77,24.77,Low,Fail
STU1707,20.0,Female,Business,4,3.67,7.82,4.27,Yes,Medium,2.55,61.38,75.71,92.95,67.91,8.98,45.73,Low,Fail
STU1708,24.0,Female,Electronics,3,1.08,6.19,4.05,Yes,Medium,0.77,85.12,91.35,62.84,64.9,6.63,58.83,Average,Pass
STU1709,24.0,Male,Civil,7,5.87,6.22,2.57,No,,4.92,73.34,86.37,67.59,57.48,5.73,66.07,Good,Pass
STU1710,24.0,Female,Business,8,11.28,6.01,5.62,No,Medium,2.91,87.91,66.52,88.49,68.03,7.89,55.75,Average,Pass
STU1711,23.0,Male,Computer Science,1,0.4,5.86,5.06,No,Medium,2.71,89.53,50.46,70.06,80.6,,49.78,Low,Fail
STU1712,18.0,Female,Business,2,4.92,6.85,5.72,No,Medium,4.35,57.92,88.63,83.92,70.91,7.21,58.9,Average,Pass
STU1713,17.0,Female,Electronics,2,6.6,4.7,3.75,Yes,High,3.63,,88.31,55.24,63.18,6.59,42.5,Low,Fail
STU1714,20.0,Female,Mechanical,2,5.31,8.04,5.21,Yes,Low,1.31,67.73,55.61,65.13,78.92,,32.1,Low,Fail
STU1715,24.0,Male,Mechanical,4,4.72,5.7,3.11,Yes,Low,2.89,56.25,90.11,88.78,50.6,7.78,51.88,Average,Pass
STU1716,24.0,Female,Business,3,1.75,7.37,8.11,No,Low,2.5,65.61,76.59,58.53,61.63,6.35,46.0,Low,Fail
STU1717,19.0,Female,Computer Science,2,,4.98,2.37,No,Medium,0.38,100.0,73.93,65.88,61.98,7.25,44.77,Low,Fail
STU1718,20.0,Female,Electronics,7,3.11,7.3,8.21,No,High,1.96,85.31,91.38,71.59,46.45,5.71,31.12,Low,Fail
STU1719,24.0,Male,Mechanical,2,0.0,7.31,4.07,Yes,High,2.72,100.0,88.14,54.15,58.7,7.95,30.91,Low,Fail
STU1720,20.0,Male,Civil,6,7.99,6.96,1.25,Yes,Medium,2.83,87.95,,62.21,33.88,,19.25,Low,Fail
STU1721,18.0,Male,Mechanical,8,7.4,5.31,6.74,Yes,Medium,0.78,69.1,77.68,69.58,93.68,6.72,75.35,Good,Pass
STU1722,19.0,Male,Computer Science,1,5.13,6.8,4.25,No,Medium,4.73,73.42,79.4,68.65,50.94,7.16,39.61,Low,Fail
STU1723,20.0,Female,Computer Science,8,5.57,5.08,5.7,Yes,Low,2.85,85.06,67.2,85.92,88.79,7.24,88.43,Excellent,Pass
STU1724,17.0,Male,Electronics,6,7.69,6.2,6.45,No,Low,3.06,83.25,71.34,89.58,65.57,8.18,71.25,Good,Pass
STU1725,17.0,Other,Civil,6,5.56,7.74,,Yes,High,3.6,71.07,61.17,56.01,73.47,7.85,35.85,Low,Fail
STU1726,21.0,Male,Computer Science,1,7.26,7.46,2.82,No,Medium,1.82,59.88,68.0,69.56,57.67,7.03,37.19,Low,Fail
STU1727,19.0,Male,Computer Science,7,4.26,6.52,5.95,No,High,3.68,100.0,67.6,77.44,68.12,8.04,53.53,Average,Pass
STU1728,19.0,Female,Business,3,8.28,5.33,4.0,No,Medium,2.45,76.31,64.38,89.23,74.76,7.64,66.77,Good,Pass
STU1729,21.0,Female,Computer Science,6,5.8,7.27,5.37,No,Medium,1.66,,73.64,78.06,74.97,6.73,55.7,Average,Pass
STU1730,20.0,Male,Business,3,5.49,6.52,0.0,No,Low,3.86,79.36,68.11,72.07,76.62,7.06,69.62,Good,Pass
STU1731,19.0,Female,Mechanical,6,1.82,3.72,4.89,No,,5.24,75.09,78.03,77.33,59.48,7.04,36.96,Low,Fail
STU1732,17.0,Female,Civil,5,5.72,7.44,2.72,No,,4.09,79.47,52.53,77.43,57.79,7.76,31.09,Low,Fail
STU1733,17.0,Male,Computer Science,1,2.92,6.47,7.31,No,Medium,4.38,93.44,70.64,55.01,41.09,6.8,32.56,Low,Fail
STU1734,24.0,Other,Computer Science,6,3.4,7.94,5.25,No,Low,2.22,76.51,73.58,70.7,72.85,6.77,55.22,Average,Pass
STU1735,18.0,Other,Civil,5,,5.19,4.48,No,Medium,0.6,64.05,68.27,88.43,81.24,9.37,37.65,Low,Fail
STU1736,19.0,Female,Civil,8,2.33,3.0,4.97,No,Low,5.24,76.06,69.93,65.1,89.24,8.23,44.48,Low,Fail
STU1737,20.0,Male,Civil,4,10.31,6.83,2.0,No,Medium,6.08,72.43,52.98,69.81,69.58,6.36,53.13,Average,Pass
STU1738,21.0,Female,Computer Science,5,8.33,6.85,7.25,Yes,Medium,5.31,95.09,76.28,64.6,53.5,7.83,52.9,Average,Pass
STU1739,21.0,Male,Civil,2,9.8,4.47,7.98,Yes,Low,2.5,92.05,79.77,35.61,39.54,7.33,49.94,Low,Fail
STU1740,20.0,Male,Civil,6,1.94,5.33,4.79,No,Low,1.27,79.29,77.92,68.29,80.63,7.63,53.38,Average,Pass
STU1741,23.0,Male,Mechanical,5,5.18,9.81,7.18,No,Low,1.4,62.66,84.46,72.23,38.06,7.35,52.46,Average,Pass
STU1742,22.0,Male,Civil,3,1.77,6.13,2.86,No,Medium,0.47,63.29,74.42,60.83,59.89,8.51,45.21,Low,Fail
STU1743,18.0,Female,Civil,4,3.26,7.38,2.41,Yes,Low,2.84,,77.74,51.84,61.64,7.58,38.31,Low,Fail
STU1744,21.0,Female,Mechanical,7,2.7,5.72,4.08,No,High,5.41,82.04,73.87,55.67,63.96,7.13,28.13,Low,Fail
STU1745,19.0,Female,Computer Science,6,8.1,3.99,4.87,No,Low,2.79,73.5,80.25,78.7,65.54,8.35,68.44,Good,Pass
STU1746,18.0,Male,Electronics,2,4.01,6.3,3.21,Yes,Low,3.45,72.24,53.07,95.62,67.07,7.46,58.86,Average,Pass
STU1747,19.0,Male,Computer Science,7,,6.18,5.08,No,High,5.06,70.89,61.28,87.35,28.77,7.33,21.82,Low,Fail
STU1748,23.0,Male,Electronics,5,6.51,6.02,4.61,No,Medium,2.39,77.72,91.04,49.18,65.22,7.55,39.11,Low,Fail
STU1749,17.0,Other,Electronics,7,10.76,6.36,2.0,Yes,Low,6.05,49.41,42.47,79.96,31.56,7.1,24.26,Low,Fail
STU1750,18.0,Male,Computer Science,7,1.3,6.82,5.04,No,High,5.99,64.78,70.32,58.72,75.98,7.21,24.85,Low,Fail
STU1751,24.0,Female,Electronics,4,8.15,6.32,5.73,No,Medium,2.8,70.48,86.07,59.85,56.67,6.55,48.33,Low,Fail
STU1752,21.0,Female,Computer Science,8,7.87,4.98,4.34,Yes,High,2.13,92.49,70.88,61.53,32.64,6.37,50.48,Average,Pass
STU1753,18.0,Male,Civil,7,2.57,7.08,6.31,Yes,Medium,,68.23,67.14,77.88,52.79,6.1,28.79,Low,Fail
STU1754,18.0,Female,Business,7,7.52,4.16,1.57,No,Medium,2.48,80.17,73.55,81.43,56.45,5.67,38.24,Low,Fail
STU1755,18.0,Male,Computer Science,6,5.84,4.04,4.94,Yes,High,1.27,80.72,67.76,66.63,82.86,6.23,49.25,Low,Fail
STU1756,22.0,Female,Business,8,4.43,7.39,1.66,Yes,Low,4.92,93.57,72.37,66.87,67.95,7.01,72.61,Good,Pass
STU1757,18.0,Female,Mechanical,4,2.94,7.11,1.77,Yes,Medium,4.82,93.15,63.8,74.5,70.17,7.31,40.08,Low,Fail
STU1758,19.0,Male,Computer Science,2,3.2,6.43,,No,Medium,3.23,77.31,85.3,75.95,82.72,6.9,71.07,Good,Pass
STU1759,17.0,Male,Computer Science,5,10.12,4.83,2.12,No,Low,1.11,72.29,89.08,84.47,63.56,4.61,61.44,Average,Pass
STU1760,23.0,Female,Mechanical,4,,5.65,2.9,No,Low,1.16,70.03,70.4,50.02,76.31,8.93,44.31,Low,Fail
STU1761,20.0,Female,Civil,4,6.96,6.18,3.57,Yes,Low,3.16,75.11,55.36,68.28,75.26,8.4,43.06,Low,Fail
STU1762,18.0,Male,Civil,1,3.02,,5.67,No,Medium,,72.79,65.71,53.05,45.7,7.69,33.22,Low,Fail
STU1763,21.0,Female,Computer Science,4,3.05,5.61,3.36,Yes,Medium,2.49,84.64,69.79,67.29,87.09,9.3,59.24,Average,Pass
STU1764,18.0,Female,Computer Science,8,7.7,7.28,0.83,Yes,Medium,4.53,,78.07,64.83,43.7,6.12,48.09,Low,Fail
STU1765,21.0,Female,Electronics,1,1.63,8.21,6.28,No,Low,4.1,85.1,59.9,67.35,78.76,9.28,45.01,Low,Fail
STU1766,19.0,Male,Computer Science,5,3.96,6.0,2.33,Yes,Medium,5.07,93.11,62.77,56.8,42.24,6.14,34.12,Low,Fail
STU1767,21.0,Female,Computer Science,7,5.09,7.41,3.88,No,High,1.51,100.0,78.13,47.18,74.02,7.46,44.49,Low,Fail
STU1768,24.0,Female,Computer Science,6,5.28,4.2,4.89,No,Medium,2.49,79.5,83.27,38.68,92.93,5.8,55.59,Average,Pass
STU1769,20.0,Male,Civil,6,4.55,7.29,4.4,Yes,Medium,,91.19,64.54,66.16,61.81,7.22,43.63,Low,Fail
STU1770,17.0,Male,Business,5,5.99,,6.19,No,High,3.67,73.78,56.0,61.97,61.15,7.62,14.98,Low,Fail
STU1771,21.0,Other,Electronics,5,6.73,6.87,4.96,No,High,5.3,92.22,,58.54,74.16,7.03,83.82,Excellent,Pass
STU1772,21.0,Male,Business,8,6.84,6.2,2.28,No,,3.63,,81.4,86.52,60.06,7.99,45.13,Low,Fail
STU1773,17.0,Female,Electronics,3,2.54,8.08,8.36,Yes,High,5.77,90.1,68.8,55.97,92.27,7.31,54.44,Average,Pass
STU1774,20.0,Male,Electronics,7,14.78544748882983,5.45,4.39,No,Medium,3.81,79.13,82.43,87.84,67.88,6.63,35.48,Low,Fail
STU1775,18.0,Male,Computer Science,5,7.99,7.25,3.71,Yes,High,4.59,69.98,70.51,90.73,60.2,6.58,25.24,Low,Fail
STU1776,21.0,Female,Mechanical,4,7.24,6.16,5.93,No,Low,2.51,61.27,82.41,40.69,56.9,8.09,43.83,Low,Fail
STU1777,17.0,Male,Business,8,1.57,6.31,4.5,Yes,Medium,3.02,77.52,73.91,69.29,51.01,6.48,39.13,Low,Fail
STU1778,24.0,Male,Mechanical,6,5.88,6.28,4.8,No,Low,4.37,96.4,73.1,62.4,55.58,8.21,68.01,Good,Pass
STU1779,24.0,Male,Electronics,2,0.05,5.49,8.98,Yes,High,5.42,74.28,70.64,27.23,59.74,8.54,25.83,Low,Fail
STU1780,19.0,Female,Mechanical,8,5.12,6.48,3.45,Yes,Medium,4.09,87.42,54.63,47.78,57.69,5.36,38.13,Low,Fail
STU1781,17.0,Male,Computer Science,6,9.74,6.42,3.36,No,Low,2.88,88.13,95.26,78.85,55.13,8.45,59.11,Average,Pass
STU1782,19.0,Male,Business,1,2.63,6.79,4.23,No,Low,5.07,74.6,60.7,96.27,96.48,9.47,80.83,Excellent,Pass
STU1783,24.0,Female,Mechanical,8,2.91,6.6,6.14,No,High,0.0,93.8,55.68,80.64,49.55,7.48,40.07,Low,Fail
STU1784,20.0,Male,Electronics,6,6.91,7.46,0.99,No,High,,43.1,69.45,72.53,67.2,7.86,17.32,Low,Fail
STU1785,18.0,Female,Mechanical,3,1.14,7.61,0.07,Yes,Medium,4.02,63.33,60.46,67.7,73.89,8.34,40.69,Low,Fail
STU1786,17.0,Male,Mechanical,8,,5.24,2.83,No,Medium,3.02,67.01,71.38,91.56,74.45,6.9,49.21,Low,Fail
STU1787,23.0,Female,Computer Science,8,6.49,7.54,0.73,No,Medium,3.91,68.16,80.25,98.08,64.12,7.4,49.57,Low,Fail
STU1788,24.0,Male,Mechanical,7,3.41,,3.15,Yes,Medium,3.1,82.04,83.94,59.78,61.39,5.75,55.29,Average,Pass
STU1789,24.0,Female,Computer Science,5,4.41,7.21,5.0,No,High,3.86,81.48,81.78,40.0,71.77,7.35,47.4,Low,Fail
STU1790,23.0,Male,Civil,7,6.86,7.24,2.22,No,Low,1.78,82.73,68.33,38.63,69.0,7.75,50.55,Average,Pass
STU1791,22.0,Male,Civil,8,6.05,4.21,1.15,No,Medium,3.86,85.15,72.6,86.51,61.12,7.77,49.9,Low,Fail
STU1792,24.0,Male,Civil,5,5.67,6.61,,No,Medium,4.49,66.6,76.89,67.34,41.57,8.37,47.88,Low,Fail
STU1793,21.0,Male,Mechanical,6,,5.94,5.73,No,Medium,4.83,63.38,50.91,70.57,57.98,6.35,37.8,Low,Fail
STU1794,20.0,Male,Mechanical,2,5.93,5.59,0.61,Yes,Medium,6.02,82.76,78.85,42.93,47.8,6.61,42.27,Low,Fail
STU1795,17.0,Male,Computer Science,2,4.69,8.12,5.64,Yes,Medium,3.37,70.44,54.51,57.46,54.99,9.29,19.88,Low,Fail
STU1796,23.0,Female,Civil,8,6.14,5.72,5.63,No,Low,3.41,59.15,96.48,63.86,65.5,7.03,55.73,Average,Pass
STU1797,21.0,Male,Computer Science,3,3.76,,5.91,Yes,Medium,0.72,89.66,67.15,70.91,70.38,7.42,60.81,Average,Pass
STU1798,23.0,Male,Electronics,1,4.54,6.59,,Yes,Low,2.2,94.74,69.78,62.42,91.71,7.13,45.5,Low,Fail
STU1799,17.0,Female,Computer Science,6,2.53,7.32,8.4,Yes,Low,2.71,96.69,62.76,53.48,56.94,6.3,50.91,Average,Pass
STU1800,19.0,Female,Computer Science,5,4.91,6.33,3.29,No,Low,4.58,80.24,64.44,57.02,76.62,8.99,51.17,Average,Pass
STU1801,17.0,Male,Mechanical,8,2.97,7.9,4.22,Yes,High,2.08,85.51,99.29,84.92,69.59,6.62,52.83,Average,Pass
STU1802,22.0,Male,Computer Science,6,2.21,7.14,3.17,No,Medium,4.19,94.44,83.28,71.43,84.44,5.96,51.73,Average,Pass
STU1803,17.0,Male,Civil,8,5.65,3.89,4.0,No,Medium,3.0,70.3,53.41,76.57,73.64,6.7,42.05,Low,Fail
STU1804,17.0,Female,Electronics,3,5.53,5.86,7.07,Yes,Medium,2.73,91.33,90.05,55.42,49.87,5.0,62.75,Average,Pass
STU1805,150.0,Female,Computer Science,4,6.96,5.83,1.31,No,Medium,3.37,81.3,86.32,26.65,39.15,6.48,28.93,Low,Fail
STU1806,20.0,Male,Mechanical,4,3.92,7.08,2.28,No,Medium,2.41,88.96,68.63,60.68,69.67,6.14,57.23,Average,Pass
STU1807,24.0,Female,Computer Science,3,6.02,3.35,6.75,No,Medium,2.36,80.23,75.68,55.87,57.07,7.88,34.95,Low,Fail
STU1808,17.0,Female,Computer Science,5,6.38,9.56,6.04,No,Medium,0.44,93.56,71.82,72.89,50.3,6.46,54.94,Average,Pass
STU1809,22.0,Female,Civil,7,6.11,7.14,3.27,Yes,Medium,2.63,80.68,95.67,100.0,45.99,8.18,57.49,Average,Pass
STU1810,21.0,Female,Computer Science,3,2.94,6.68,5.71,No,Medium,2.28,60.19,62.44,77.73,67.41,8.74,40.34,Low,Fail
STU1811,19.0,Male,Civil,8,5.37,7.92,4.68,Yes,High,2.23,,73.75,100.0,87.62,8.06,68.14,Good,Pass
STU1812,19.0,Male,Computer Science,5,5.91,9.31,7.0,No,High,,66.63,66.86,75.96,58.87,6.96,38.22,Low,Fail
STU1813,17.0,Male,Computer Science,2,5.02,7.54,,No,Low,3.99,93.04,54.8,59.18,73.85,7.36,30.28,Low,Fail
STU1814,20.0,Male,Civil,3,0.0,7.64,6.05,No,Low,3.35,76.92,98.3,72.87,63.47,5.52,35.99,Low,Fail
STU1815,20.0,Female,Electronics,5,5.4,6.66,9.28,Yes,Medium,4.49,92.11,57.82,92.93,45.66,7.05,50.56,Average,Pass
STU1816,21.0,Female,Computer Science,3,10.53,6.33,5.2,Yes,Medium,3.86,91.62,74.64,93.61,76.02,6.25,54.16,Average,Pass
STU1817,17.0,Male,Electronics,3,4.1,5.93,4.1,Yes,Low,2.56,83.16,51.11,59.95,48.58,7.96,35.75,Low,Fail
STU1818,19.0,Male,Computer Science,7,3.18,5.51,5.44,No,High,2.31,84.1,67.21,71.54,65.32,10.0,38.28,Low,Fail
STU1819,20.0,Male,Civil,7,5.93,5.68,3.27,Yes,Low,3.47,83.07,77.06,47.99,59.88,7.75,46.44,Low,Fail
STU1820,17.0,Female,Electronics,8,5.78,4.88,8.78,No,High,3.86,53.83,62.1,79.55,78.4,5.01,26.34,Low,Fail
STU1821,23.0,Male,Civil,5,7.98,6.41,4.36,Yes,Medium,5.1,79.42,79.04,89.75,49.13,6.8,55.92,Average,Pass
STU1822,20.0,Male,Business,5,1.86,4.48,3.45,No,High,4.79,64.61,68.77,68.56,70.86,7.33,39.53,Low,Fail
STU1823,22.0,Male,Electronics,1,6.83,6.73,2.33,Yes,Low,2.19,80.05,85.92,58.66,52.4,7.3,46.36,Low,Fail
STU1824,23.0,Male,Business,3,6.48,6.46,6.19,No,Low,2.85,64.28,88.34,73.04,57.33,6.4,44.19,Low,Fail
STU1825,24.0,Other,Electronics,4,4.64,6.68,5.73,No,Medium,4.01,63.78,64.96,73.84,25.0,7.47,11.99,Low,Fail
STU1826,20.0,Female,Business,3,5.85,5.87,3.01,No,Low,4.6,97.26,72.92,69.14,96.38,5.83,51.72,Average,Pass
STU1827,19.0,Male,Computer Science,3,7.57,10.0,5.15,No,Medium,4.41,90.83,74.2,70.5,73.26,6.16,61.16,Average,Pass
STU1828,18.0,Female,Mechanical,5,7.18,8.13,0.98,Yes,Medium,2.9,77.95,79.43,65.57,53.49,7.91,59.63,Average,Pass
STU1829,23.0,Female,Electronics,3,2.14,5.01,4.37,No,Low,1.12,80.22,72.17,81.94,48.13,6.08,51.39,Average,Pass
STU1830,24.0,Female,Electronics,6,,6.78,4.91,Yes,,1.5,75.03,74.28,78.31,57.57,7.79,48.66,Low,Fail
STU1831,21.0,Male,Mechanical,3,4.84,5.77,7.41,Yes,High,3.41,84.84,69.08,54.24,75.75,5.69,32.07,Low,Fail
STU1832,21.0,Male,Civil,6,5.18,5.28,2.46,No,Low,3.51,69.89,73.38,53.85,36.62,9.14,34.26,Low,Fail
STU1833,19.0,Male,Computer Science,7,5.18,4.89,1.44,No,Low,1.35,89.92,87.58,64.44,62.88,6.35,67.08,Good,Pass
STU1834,20.0,Female,Computer Science,4,4.62,7.02,2.21,No,Medium,3.07,74.96,79.75,78.32,91.56,6.95,63.02,Average,Pass
STU1835,17.0,Male,Civil,8,7.98,5.68,1.33,Yes,High,3.95,72.96,80.42,70.07,47.99,7.56,42.53,Low,Fail
STU1836,20.0,Male,Mechanical,5,4.79,7.66,6.67,Yes,Medium,1.27,78.26,80.68,59.0,66.21,6.58,61.51,Average,Pass
STU1837,19.0,Male,Business,3,2.2,7.69,7.1,Yes,,4.66,70.91,70.15,71.66,98.05,7.36,57.52,Average,Pass
STU1838,21.0,Female,Civil,6,4.02,8.15,4.64,Yes,Medium,2.43,81.94,75.83,63.37,74.48,7.83,53.15,Average,Pass
STU1839,20.0,Male,Business,6,5.45,5.48,6.44,Yes,High,4.89,71.55,58.98,80.33,66.89,8.26,56.04,Average,Pass
STU1840,21.0,Female,Civil,7,8.07,7.07,4.27,Yes,High,2.2,83.62,87.23,72.66,72.6,8.07,56.95,Average,Pass
STU1841,23.0,Female,Computer Science,6,6.51,7.26,3.81,Yes,Medium,1.46,92.59,38.6,63.59,58.99,7.01,31.8,Low,Fail
STU1842,24.0,Male,Computer Science,8,,5.93,3.33,No,Medium,2.31,69.37,70.95,71.24,84.49,7.04,42.26,Low,Fail
STU1843,17.0,Female,Civil,2,,5.57,3.38,Yes,Medium,2.86,76.43,85.69,86.41,59.01,9.78,56.49,Average,Pass
STU1844,23.0,Male,Mechanical,1,5.66,8.43,0.9,No,Low,2.42,83.54,55.63,60.03,35.61,8.24,39.14,Low,Fail
STU1845,21.0,Female,Computer Science,8,8.19,6.77,4.53,Yes,Medium,2.68,72.77,76.8,73.64,59.13,6.19,42.82,Low,Fail
STU1846,21.0,Male,Electronics,4,4.62,7.26,3.92,No,Medium,3.5,83.57,63.83,67.01,50.5,7.31,40.59,Low,Fail
STU1847,18.0,Female,Business,8,6.33,5.51,5.49,No,High,2.74,84.66,67.57,73.98,60.78,6.83,32.68,Low,Fail
STU1848,18.0,Female,Mechanical,7,7.1,5.04,4.19,Yes,Medium,2.9,91.0,83.35,58.84,61.11,7.05,36.63,Low,Fail
STU1849,23.0,Female,Electronics,7,8.05,5.82,3.67,No,Low,0.44,70.73,,69.54,82.96,5.85,65.42,Good,Pass
STU1850,22.0,Female,Electronics,8,7.64,6.35,2.26,Yes,Medium,3.59,66.69,47.59,83.51,75.43,6.75,51.79,Average,Pass
STU1851,23.0,Male,Computer Science,3,7.18,5.22,4.14,No,Medium,2.87,74.31,60.28,54.88,68.95,9.19,50.21,Average,Pass
STU1852,18.0,Female,Electronics,2,4.21,6.49,5.48,Yes,High,5.42,66.39,83.7,49.39,64.96,,29.59,Low,Fail
STU1853,21.0,Female,Electronics,3,3.57,4.47,1.71,No,Low,1.59,84.77,77.39,49.92,49.12,4.46,32.51,Low,Fail
STU1854,19.0,Female,Computer Science,3,5.83,5.16,4.17,Yes,Medium,0.29,64.06,92.98,51.61,32.28,8.54,37.28,Low,Fail
STU1855,23.0,Male,Civil,8,7.33,7.31,4.47,Yes,Medium,3.93,100.0,92.19,76.33,66.7,8.4,86.47,Excellent,Pass
STU1856,21.0,Female,Electronics,5,,7.22,2.56,No,Medium,3.52,93.55,67.89,48.32,76.92,6.8,51.93,Average,Pass
STU1857,19.0,Female,Civil,5,7.66,6.03,2.82,Yes,High,1.49,78.15,100.0,63.83,63.37,7.99,57.7,Average,Pass
STU1858,19.0,Female,Business,5,8.63,5.28,4.46,No,Medium,0.71,88.41,72.29,76.66,56.98,6.25,49.41,Low,Fail
STU1859,18.0,Male,Computer Science,2,2.71,5.27,1.73,No,High,5.31,58.36,60.45,73.83,71.97,,12.31,Low,Fail
STU1860,23.0,Female,Mechanical,3,2.91,6.05,4.7,No,Medium,5.12,100.0,64.4,62.6,63.75,8.85,57.88,Average,Pass
STU1861,20.0,Male,Electronics,1,4.65,7.27,2.21,Yes,High,0.0,70.92,44.92,70.67,90.29,6.9,52.56,Average,Pass
STU1862,17.0,Female,Business,4,5.77,7.61,6.13,No,Medium,2.31,76.55,91.28,69.5,83.49,5.14,66.84,Good,Pass
STU1863,18.0,Male,Computer Science,5,3.69,5.9,8.68,No,High,5.5,55.73,91.14,64.86,79.39,7.13,36.76,Low,Fail
STU1864,18.0,Female,Mechanical,5,8.38,5.12,2.28,Yes,Medium,2.29,,59.81,65.05,76.37,7.11,64.63,Average,Pass
STU1865,20.0,Other,Mechanical,7,6.06,6.82,5.07,Yes,Medium,2.26,64.72,69.27,99.3,45.65,8.52,51.82,Average,Pass
STU1866,17.0,Male,Computer Science,3,5.1,5.51,2.55,Yes,Low,2.58,79.22,73.15,79.33,74.94,7.22,79.68,Good,Pass
STU1867,21.0,Other,Computer Science,3,1.41,5.88,6.08,No,Medium,1.32,71.47,60.48,100.0,70.64,6.74,52.23,Average,Pass
STU1868,22.0,Male,Mechanical,2,1.71,8.09,1.47,Yes,Medium,0.44,65.07,50.94,61.04,74.1,8.35,38.43,Low,Fail
STU1869,23.0,Female,Civil,2,5.7,7.49,4.96,No,Medium,4.58,68.35,69.48,66.81,72.39,7.33,33.12,Low,Fail
STU1870,22.0,Female,Electronics,5,0.0,6.69,,Yes,High,0.24,80.71,68.15,49.35,71.79,6.37,34.68,Low,Fail
STU1871,21.0,Female,Mechanical,3,7.53,4.97,3.59,Yes,Low,3.37,62.62,67.34,56.67,100.0,8.47,70.56,Good,Pass
STU1872,24.0,Female,Electronics,1,4.6,6.75,1.94,No,High,4.33,69.01,74.67,94.63,63.86,7.41,46.7,Low,Fail
STU1873,18.0,Female,Civil,4,12.0,7.78,5.64,No,High,0.82,85.96,89.15,60.69,79.05,7.2,76.07,Good,Pass
STU1874,17.0,Male,Computer Science,8,10.77,6.05,2.33,No,Low,1.61,100.0,68.36,94.87,57.94,7.4,69.64,Good,Pass
STU1875,18.0,Male,Business,3,4.55,8.12,5.1,No,Medium,4.82,83.73,74.05,50.59,76.86,6.02,70.21,Good,Pass
STU1876,19.0,Female,Computer Science,7,4.73,8.05,3.31,No,Medium,3.8,66.99,80.72,53.25,79.09,6.62,30.28,Low,Fail
STU1877,18.0,Female,Electronics,8,7.49,8.5,3.77,Yes,Low,2.07,73.59,78.65,63.22,70.47,7.2,66.06,Good,Pass
STU1878,18.0,Female,Computer Science,3,9.26,6.87,4.3,Yes,Medium,,78.38,64.63,67.11,90.04,6.99,58.65,Average,Pass
STU1879,21.0,Female,Computer Science,6,0.9,7.2,2.48,No,High,4.81,73.81,73.16,80.92,51.74,8.6,8.86,Low,Fail
STU1880,21.0,Male,Mechanical,2,0.53,8.2,,No,Low,3.4,88.84,78.57,74.31,57.69,7.44,46.9,Low,Fail
STU1881,21.0,Female,Computer Science,7,,7.04,7.06,No,Medium,,80.61,58.46,62.17,68.19,8.14,26.98,Low,Fail
STU1882,22.0,Male,Civil,4,6.46,5.9,2.44,Yes,,,88.89,87.16,66.13,78.21,,65.47,Good,Pass
STU1883,19.0,Female,Computer Science,5,6.24,,6.34,Yes,High,3.43,74.23,89.18,63.53,67.69,8.36,48.81,Low,Fail
STU1884,24.0,Male,Electronics,7,,6.79,7.0,Yes,Low,2.72,93.91,63.33,55.19,84.29,7.64,81.58,Excellent,Pass
STU1885,24.0,Male,Electronics,3,2.0,4.95,2.37,No,Medium,4.41,76.0,74.32,55.57,55.07,7.21,18.82,Low,Fail
STU1886,21.0,Male,Computer Science,5,0.0,6.33,1.09,No,Medium,0.71,66.35,79.71,82.39,47.89,7.19,39.24,Low,Fail
STU1887,17.0,Male,Computer Science,3,7.15,,4.6,No,Medium,0.76,100.0,65.45,42.41,69.62,6.15,53.49,Average,Pass
STU1888,22.0,Female,Electronics,5,2.93,3.87,2.91,Yes,High,3.27,56.1,77.78,90.64,63.84,7.76,45.86,Low,Fail
STU1889,20.0,Male,Electronics,4,0.0,8.34,7.74,No,High,2.26,69.14,73.96,63.2,73.14,7.16,25.76,Low,Fail
STU1890,17.0,Male,Electronics,2,5.36,7.85,4.07,No,Low,2.06,70.48,54.38,57.18,64.59,6.65,28.53,Low,Fail
STU1891,23.0,Male,Mechanical,4,6.98,5.95,2.4,Yes,Medium,0.35,100.0,,78.36,59.9,8.42,51.82,Average,Pass
STU1892,23.0,Male,Mechanical,6,4.69,7.15,1.71,No,,3.03,99.68,58.8,88.79,63.88,5.82,40.13,Low,Fail
STU1893,17.0,Male,Computer Science,1,3.86,6.5,6.18,Yes,Medium,2.92,95.93,83.27,83.65,65.43,,65.67,Good,Pass
STU1894,21.0,Male,Electronics,2,4.6,,2.86,Yes,Medium,3.98,74.03,63.95,75.03,60.43,8.33,60.1,Average,Pass
STU1895,20.0,Female,Business,4,4.07,7.68,4.09,No,Medium,3.1,100.0,70.06,83.22,61.95,7.55,48.83,Low,Fail
STU1896,20.0,Female,Mechanical,6,1.63,4.82,5.91,No,Medium,2.8,82.42,88.47,43.97,58.95,7.15,45.03,Low,Fail
STU1897,22.0,Female,Mechanical,1,3.21,7.2,3.03,Yes,High,4.77,89.73,,60.69,77.85,7.48,35.79,Low,Fail
STU1898,20.0,Male,Electronics,6,6.3,6.25,3.91,No,Low,1.03,80.16,59.05,55.24,67.91,7.4,51.66,Average,Pass
STU1899,23.0,Male,Civil,3,5.8,6.6,3.97,Yes,High,3.8,77.41,59.82,85.14,98.85,5.53,64.64,Average,Pass
STU1900,19.0,Female,Civil,8,5.42,5.63,5.37,No,Medium,0.49,74.98,64.81,62.63,67.41,6.82,28.52,Low,Fail
STU1901,21.0,Male,Mechanical,3,2.51,8.6,5.18,No,Medium,1.74,75.48,76.74,79.84,56.74,8.98,40.15,Low,Fail
STU1902,99.0,Male,Business,5,4.55,7.75,3.56,No,,1.18,85.3,76.3,75.5,100.0,6.47,66.77,Good,Pass
STU1903,22.0,Male,Computer Science,2,0.0,5.61,,No,Medium,4.17,82.41,61.88,55.93,71.2,6.85,8.08,Low,Fail
STU1904,23.0,Male,Computer Science,3,5.45,4.9,3.26,Yes,Medium,2.9,77.62,57.99,59.78,79.85,6.6,64.37,Average,Pass
STU1905,19.0,Male,Civil,7,8.57,6.04,1.04,Yes,Medium,2.98,96.11,75.38,86.11,73.88,7.1,75.15,Good,Pass
STU1906,18.0,Male,Civil,6,1.31,7.02,4.52,No,Medium,1.34,42.4,69.82,57.14,74.35,6.56,34.37,Low,Fail
STU1907,18.0,Female,Computer Science,2,3.54,6.79,7.78,Yes,High,2.55,84.12,97.89,69.75,73.03,7.74,49.87,Low,Fail
STU1908,19.0,Female,Computer Science,8,5.82,8.0,2.23,No,High,1.85,86.61,72.44,57.04,48.47,7.42,16.24,Low,Fail
STU1909,23.0,Female,Computer Science,7,8.13,7.45,2.45,Yes,Low,3.58,91.76,93.77,63.6,70.51,8.05,80.55,Excellent,Pass
STU1910,22.0,Female,Computer Science,3,3.88,7.66,2.26,Yes,Low,1.51,77.22,57.96,67.35,45.13,6.04,38.22,Low,Fail
STU1911,19.0,Female,Civil,5,3.27,6.89,5.45,Yes,Medium,4.99,,53.12,57.04,62.38,6.83,38.91,Low,Fail
STU1912,21.0,Female,Mechanical,4,0.08,4.83,4.9,No,Low,0.49,,58.56,54.55,54.12,6.95,46.73,Low,Fail
STU1913,21.0,Female,Electronics,5,5.26,6.27,3.68,Yes,Medium,1.79,95.89,86.27,72.01,70.36,7.7,72.71,Good,Pass
STU1914,18.0,Male,Electronics,7,10.11,7.77,2.16,No,Low,5.52,74.39,93.07,56.17,70.01,6.33,83.38,Excellent,Pass
STU1915,20.0,Male,Computer Science,1,5.69,6.44,4.18,Yes,Medium,2.35,81.2,62.61,56.65,72.22,8.21,52.95,Average,Pass
STU1916,22.0,Male,Computer Science,3,4.94,7.1,0.87,Yes,Low,1.03,98.14,66.47,54.85,69.31,8.51,56.09,Average,Pass
STU1917,18.0,Female,Mechanical,7,5.81,6.12,4.29,No,Medium,3.33,52.51,57.97,66.91,55.9,6.11,25.5,Low,Fail
STU1918,20.0,Female,Business,1,4.97,5.26,5.74,No,Medium,2.29,69.72,50.26,81.21,61.08,6.66,40.08,Low,Fail
STU1919,20.0,Male,Civil,1,2.97,6.35,1.5,No,Medium,,95.59,80.62,89.09,78.81,6.61,72.77,Good,Pass
STU1920,24.0,Female,Computer Science,6,7.06,6.87,0.93,No,High,1.36,91.11,74.68,57.84,81.02,10.0,41.28,Low,Fail
STU1921,21.0,Male,Business,2,5.56,5.71,7.16,Yes,High,7.15,84.27,72.13,98.1,47.8,6.73,42.0,Low,Fail
STU1922,23.0,Female,Civil,6,5.04,6.22,2.78,Yes,Medium,2.62,72.62,55.2,53.93,42.04,9.05,46.1,Low,Fail
STU1923,17.0,Male,Civil,3,2.56,5.37,6.27,No,Low,0.11,67.42,91.68,83.17,54.1,5.81,43.23,Low,Fail
STU1924,23.0,Male,Electronics,1,8.26,7.84,3.69,Yes,High,5.24,70.91,65.96,57.9,80.68,6.11,56.78,Average,Pass
STU1925,17.0,Male,Electronics,8,6.66,6.15,3.68,No,High,3.92,96.58,78.4,55.81,83.22,,60.6,Average,Pass
STU1926,19.0,Male,Electronics,7,3.62,8.24,4.88,No,High,1.85,70.46,54.55,57.57,51.13,6.27,27.66,Low,Fail
STU1927,21.0,Male,Computer Science,4,7.5,8.33,2.23,Yes,Low,1.6,79.22,69.71,67.27,69.61,6.91,53.88,Average,Pass
STU1928,20.0,Male,Computer Science,1,3.76,6.4,4.26,No,High,4.01,68.96,75.5,76.12,92.52,6.42,40.03,Low,Fail
STU1929,22.0,Female,Computer Science,7,3.04,5.29,3.24,Yes,Medium,2.63,88.11,75.92,77.38,71.23,6.3,56.08,Average,Pass
STU1930,17.0,Female,Electronics,8,3.1,4.0,1.36,Yes,Medium,,71.54,73.86,54.78,86.32,8.47,38.51,Low,Fail
STU1931,23.0,Male,Civil,4,0.57,4.73,4.67,Yes,High,5.68,76.83,77.93,54.14,79.98,8.55,38.85,Low,Fail
STU1932,20.0,Female,Electronics,6,6.18,4.85,3.47,No,Low,2.35,57.8,58.43,55.17,51.35,8.24,35.56,Low,Fail
STU1933,17.0,Female,Computer Science,6,0.42,8.15,3.69,Yes,High,5.24,58.64,74.37,66.44,62.15,7.78,44.3,Low,Fail
STU1934,17.0,Male,Business,2,1.93,6.64,1.58,No,Medium,4.92,78.09,73.37,65.06,65.52,7.3,45.42,Low,Fail
STU1935,24.0,Male,Business,7,0.0,6.97,7.18,No,High,1.5,62.1,74.78,54.7,66.56,6.65,28.17,Low,Fail
STU1936,17.0,Male,Civil,1,4.78,3.84,5.75,No,Medium,4.55,100.0,72.87,71.77,78.74,6.15,71.87,Good,Pass
STU1937,22.0,Male,Business,5,4.62,5.06,5.93,No,High,2.02,53.26,56.72,99.68,71.13,7.6,22.79,Low,Fail
STU1938,21.0,Female,Mechanical,6,4.18,7.56,3.39,No,Low,0.2,68.4,56.19,60.93,25.0,5.91,18.59,Low,Fail
STU1939,22.0,Male,Business,6,2.39,6.84,0.54,Yes,Medium,2.36,78.2,,61.93,45.31,6.11,50.44,Average,Pass
STU1940,18.0,Female,Computer Science,2,2.07,6.32,7.91,No,Medium,,73.62,81.81,75.84,32.19,8.47,27.51,Low,Fail
STU1941,20.0,Female,Electronics,4,6.16,7.18,3.88,No,Medium,2.31,64.75,81.93,60.18,67.63,9.29,57.89,Average,Pass
STU1942,21.0,Male,Computer Science,2,3.62,8.46,2.5,No,Low,2.54,66.5,82.12,77.37,68.61,7.63,61.91,Average,Pass
STU1943,24.0,Female,Computer Science,8,5.79,6.23,4.83,No,Medium,4.72,66.11,75.68,57.94,69.25,8.42,29.93,Low,Fail
STU1944,21.0,Male,Computer Science,1,2.79,6.58,6.33,No,Low,3.16,74.56,46.4,93.65,50.62,6.93,39.87,Low,Fail
STU1945,21.0,Female,Mechanical,7,5.45,6.73,3.95,No,Medium,1.74,100.0,59.68,72.83,75.11,5.73,57.82,Average,Pass
STU1946,23.0,Male,Civil,3,8.26,9.37,6.56,No,Medium,4.05,78.94,74.04,59.32,75.74,7.87,59.49,Average,Pass
STU1947,21.0,Female,Mechanical,3,6.47,3.98,6.17,No,High,3.3,92.19,73.63,59.76,46.17,7.83,27.95,Low,Fail
STU1948,24.0,Female,Computer Science,7,3.97,7.32,1.85,No,Low,0.0,84.08,69.33,60.81,43.01,7.28,28.97,Low,Fail
STU1949,22.0,Male,Civil,4,5.64,6.36,2.65,Yes,Low,3.64,91.37,76.43,87.22,65.0,6.93,62.27,Average,Pass
STU1950,21.0,Female,Mechanical,8,4.4,7.18,5.92,No,Low,3.59,44.4,72.14,50.24,91.88,8.26,47.08,Low,Fail
STU1951,19.0,Female,Electronics,6,5.02,5.71,0.0,Yes,Medium,3.03,74.35,73.45,58.65,90.5,6.12,70.61,Good,Pass
STU1952,20.0,Female,Mechanical,4,4.19,6.44,3.7,No,Low,4.34,93.69,,60.14,73.45,6.35,74.15,Good,Pass
STU1953,21.0,Female,Computer Science,6,4.59,7.35,,No,Medium,1.99,71.14,83.78,67.78,54.05,6.09,53.86,Average,Pass
STU1954,20.0,Female,Electronics,6,5.53,10.0,3.05,No,High,,99.15,66.83,64.2,78.3,7.29,60.58,Average,Pass
STU1955,19.0,Male,Business,3,2.52,7.47,3.4,Yes,Medium,0.65,95.81,56.03,47.12,58.21,6.0,30.1,Low,Fail
STU1956,19.0,Male,Computer Science,4,2.46,5.48,3.28,No,Medium,3.61,72.37,62.75,62.4,53.49,6.45,25.44,Low,Fail
STU1957,20.0,Female,Electronics,8,1.53,5.99,2.9,No,Low,5.93,71.96,67.82,66.61,32.84,6.42,28.05,Low,Fail
STU1958,17.0,Male,Business,2,1.0,5.96,1.81,Yes,Medium,1.51,65.84,83.93,59.21,66.54,6.91,34.91,Low,Fail
STU1959,18.0,Female,Civil,6,1.96,4.35,,No,Low,1.86,70.44,71.49,77.61,55.55,5.56,44.53,Low,Fail
STU1960,23.0,Female,Computer Science,5,5.4,6.1,7.73,No,High,1.93,,69.77,80.87,66.45,7.3,42.04,Low,Fail
STU1961,17.0,Male,Computer Science,5,2.77,7.38,1.68,No,Medium,3.19,83.15,57.02,66.9,30.51,8.57,29.51,Low,Fail
STU1962,17.0,Male,Computer Science,2,6.28,4.97,7.16,Yes,Medium,1.41,60.53,81.43,71.23,67.55,7.35,59.18,Average,Pass
STU1963,22.0,Female,Mechanical,5,5.09,7.76,3.2,No,Medium,3.63,85.24,64.18,37.75,28.53,8.9,15.42,Low,Fail
STU1964,23.0,Male,Electronics,1,0.08,7.09,4.26,No,High,4.27,85.54,70.8,62.1,81.32,8.67,50.0,Average,Pass
STU1965,23.0,Female,Computer Science,6,6.64,5.62,3.87,Yes,Low,3.8,58.07,89.76,82.07,72.83,8.06,55.99,Average,Pass
STU1966,17.0,Male,Business,2,7.03,6.33,2.68,Yes,Medium,0.35,96.6,78.11,62.07,60.82,7.28,49.84,Low,Fail
STU1967,21.0,Female,Mechanical,4,2.52,8.42,5.97,No,Low,4.49,,52.46,57.68,73.44,7.22,51.88,Average,Pass
STU1968,22.0,Male,Computer Science,6,6.05,7.38,4.25,No,Medium,4.41,87.0,50.77,99.89,50.33,8.04,56.56,Average,Pass
STU1969,22.0,Female,Mechanical,2,2.86,6.51,3.05,No,High,4.25,68.9,71.23,93.47,66.09,6.77,40.88,Low,Fail
STU1970,19.0,Male,Mechanical,3,5.24,6.21,1.39,Yes,Medium,3.56,85.47,57.45,74.55,76.92,,54.79,Average,Pass
STU1971,24.0,Female,Computer Science,8,1.84,6.59,2.21,Yes,Medium,3.33,91.52,79.78,83.94,25.0,7.74,39.53,Low,Fail
STU1972,23.0,Male,Computer Science,4,0.52,5.89,0.72,Yes,High,4.55,76.82,72.51,36.84,58.29,5.96,25.71,Low,Fail
STU1973,17.0,Female,Civil,8,4.04,3.97,4.02,Yes,Medium,5.89,100.0,73.98,56.97,64.66,6.14,42.86,Low,Fail
STU1974,19.0,Female,Electronics,3,4.69,8.95,1.61,No,Medium,1.57,78.53,63.52,61.42,62.06,7.2,28.79,Low,Fail
STU1975,20.0,Male,Mechanical,6,4.01,6.69,3.47,No,Medium,4.62,91.69,92.9,64.7,86.86,7.1,65.11,Good,Pass
STU1976,18.0,Male,Electronics,4,2.04,6.98,6.74,No,Medium,2.87,81.52,100.0,61.14,48.14,,40.46,Low,Fail
STU1977,24.0,Male,Computer Science,8,4.0,6.43,6.4,Yes,Low,2.81,85.03,68.66,32.3,55.68,7.38,44.22,Low,Fail
STU1978,24.0,Female,Computer Science,5,5.67,5.62,3.94,No,High,0.7,57.94,76.24,73.4,36.26,8.26,26.73,Low,Fail
STU1979,24.0,Female,Electronics,8,4.89,6.28,3.83,Yes,Medium,2.57,82.45,73.17,75.61,87.65,5.96,61.2,Average,Pass
STU1980,22.0,Female,Computer Science,2,5.46,4.58,7.76,Yes,Low,1.5,69.18,68.88,90.43,61.31,8.6,60.48,Average,Pass
STU1981,20.0,Male,Computer Science,6,3.32,9.23,5.04,No,High,2.3,67.84,62.02,56.96,58.42,5.48,20.54,Low,Fail
STU1982,24.0,Male,Civil,1,7.93,5.02,3.34,No,Medium,1.35,98.93,58.98,55.82,64.21,9.53,71.69,Good,Pass
STU1983,20.0,Female,Business,8,2.06,,1.15,No,Low,2.33,,58.37,30.48,74.54,6.75,39.93,Low,Fail
STU1984,21.0,Male,Civil,4,6.22,5.97,4.79,Yes,Medium,2.39,65.96,76.86,63.89,70.21,7.36,73.1,Good,Pass
STU1985,24.0,Other,Business,4,7.95,8.05,5.66,No,High,3.15,73.69,65.76,80.62,100.0,5.12,60.69,Average,Pass
STU1986,18.0,Male,Computer Science,7,6.2,6.52,2.74,No,High,0.58,62.39,41.06,59.44,71.81,7.13,24.32,Low,Fail
STU1987,20.0,Female,Business,8,4.49,5.02,4.58,No,High,0.83,95.21,77.34,98.01,58.02,7.45,39.05,Low,Fail
STU1988,20.0,Male,Computer Science,6,3.68,8.01,3.27,Yes,High,3.54,69.65,71.54,64.41,56.58,7.11,17.64,Low,Fail
STU1989,18.0,Male,Business,6,7.59,7.38,3.63,No,Low,1.8,84.35,88.16,70.06,59.11,6.58,50.58,Average,Pass
STU1990,24.0,Female,Business,3,1.44,7.15,0.0,No,Medium,4.61,94.27,76.48,48.92,42.47,,24.21,Low,Fail
STU1991,18.0,Female,Civil,7,2.57,7.36,3.56,No,High,3.34,72.0,54.26,72.02,65.6,8.44,32.67,Low,Fail
STU1992,20.0,Other,Business,8,4.01,9.37,5.94,Yes,Medium,3.91,84.38,45.24,40.29,76.75,7.23,38.23,Low,Fail
STU1993,18.0,Male,Mechanical,5,8.09,9.12,2.74,Yes,Medium,5.12,65.64,63.37,77.71,55.8,8.89,48.41,Low,Fail
STU1994,20.0,Male,Computer Science,3,5.95,5.68,4.11,Yes,Medium,2.54,100.0,64.5,78.14,52.89,6.62,65.75,Good,Pass
STU1995,20.0,Female,Electronics,7,2.58,8.45,2.49,Yes,Medium,2.14,89.24,83.32,87.03,87.74,6.72,67.82,Good,Pass
STU1996,21.0,Female,Mechanical,8,4.22,6.96,4.72,No,High,4.31,75.69,71.89,53.72,43.6,8.1,43.61,Low,Fail
STU1997,17.0,Male,Computer Science,8,3.46,7.1,3.57,Yes,Medium,3.76,68.73,85.6,70.25,33.98,5.41,20.11,Low,Fail
STU1998,20.0,Male,Mechanical,3,3.23,4.47,2.12,Yes,Medium,2.72,76.63,56.1,75.89,47.71,5.87,32.16,Low,Fail
STU1999,99.0,Male,Business,5,,6.3,,Yes,High,5.09,73.92,83.58,74.19,41.89,8.41,32.8,Low,Fail
STU2000,19.0,Female,Computer Science,7,1.57,5.52,5.86,Yes,Medium,2.68,100.0,80.65,55.89,70.79,5.91,63.78,Average,Pass
STU2001,22.0,Male,Civil,8,9.02,7.49,2.79,Yes,Low,3.05,,47.78,34.51,59.59,5.2,16.65,Low,Fail
STU2002,23.0,Male,Business,8,7.07,7.79,5.0,No,Medium,,79.62,87.87,72.86,61.7,9.26,41.31,Low,Fail
STU2003,17.0,Male,Business,7,7.73,,5.07,No,High,1.6,77.78,73.12,65.87,82.29,5.67,47.87,Low,Fail
STU2004,17.0,Male,Business,1,3.84,6.47,5.28,Yes,High,3.12,76.59,76.7,60.07,54.63,7.4,49.5,Low,Fail
STU2005,17.0,Male,Mechanical,3,4.63,7.85,0.61,Yes,High,5.1,76.7,61.62,78.7,76.63,7.28,48.45,Low,Fail
STU2006,21.0,Male,Business,3,1.42,6.28,6.01,Yes,Medium,3.67,76.61,87.3,67.37,87.67,4.11,43.07,Low,Fail
STU2007,20.0,Male,Civil,4,3.69,7.37,2.86,Yes,Medium,3.05,88.48,57.77,49.53,58.17,6.91,28.91,Low,Fail
STU2008,21.0,Female,Computer Science,5,6.23,6.92,3.28,No,High,2.76,85.31,81.99,40.96,76.06,7.69,62.85,Average,Pass
STU2009,20.0,Male,Electronics,2,8.24,6.91,9.28,No,High,3.5,83.03,81.85,52.19,61.37,7.59,36.78,Low,Fail
STU2010,24.0,Female,Civil,1,2.23,6.17,4.6,No,Low,4.12,41.59,60.31,100.0,78.86,8.19,34.08,Low,Fail
STU2011,21.0,Female,Computer Science,7,4.09,5.04,3.23,No,Low,3.91,81.6,95.8,78.12,41.43,6.77,63.15,Average,Pass
STU2012,21.0,Female,Mechanical,7,4.62,5.15,0.0,Yes,High,2.5,58.13,74.78,70.64,40.32,7.98,33.54,Low,Fail
STU2013,22.0,Female,Mechanical,7,1.51,7.35,6.78,No,High,3.49,85.76,79.85,65.46,59.13,6.44,46.14,Low,Fail
STU2014,19.0,Male,Computer Science,1,6.48,6.52,1.31,No,High,,95.69,53.67,64.54,51.67,5.65,24.44,Low,Fail
STU2015,21.0,Male,Mechanical,8,3.19,6.33,1.99,No,High,1.49,66.89,97.41,84.34,57.25,5.77,21.75,Low,Fail
STU2016,22.0,Female,Civil,7,4.51,5.99,3.34,Yes,,3.25,74.86,57.31,61.13,61.71,5.59,40.51,Low,Fail
STU2017,18.0,Other,Electronics,7,3.87,6.13,6.83,No,Medium,0.0,70.81,84.3,76.08,75.8,8.31,55.51,Average,Pass
STU2018,19.0,Female,Computer Science,5,,7.76,5.55,No,Medium,3.72,92.83,60.06,63.12,58.89,5.53,43.34,Low,Fail
STU2019,24.0,Female,Computer Science,6,4.98,6.1,,No,Low,3.99,79.14,64.57,95.16,52.64,7.5,63.96,Average,Pass
STU2020,21.0,Female,Electronics,6,4.46,4.89,4.62,Yes,Medium,4.12,98.74,81.47,78.39,59.73,6.91,41.72,Low,Fail
STU2021,23.0,Male,Business,4,4.07,7.39,2.8,No,,2.41,82.97,84.33,85.44,53.46,,56.34,Average,Pass
STU2022,17.0,Male,Computer Science,4,3.18,6.25,4.28,No,Medium,3.46,80.91,,59.82,50.99,8.7,21.45,Low,Fail
STU2023,18.0,Female,Mechanical,7,5.8,6.54,4.15,No,Medium,5.14,78.82,85.09,82.81,40.8,6.72,50.33,Average,Pass
STU2024,18.0,Female,Computer Science,5,9.13,8.43,5.94,No,Medium,5.12,87.82,84.54,63.62,66.04,7.87,55.56,Average,Pass
STU2025,24.0,Male,Electronics,7,5.35,6.48,5.93,No,Low,2.96,57.15,60.74,69.54,56.47,7.24,28.71,Low,Fail
STU2026,22.0,Female,Civil,4,7.49,,4.99,Yes,Medium,3.21,79.02,91.18,90.89,79.49,7.03,65.22,Good,Pass
STU2027,18.0,Male,Civil,1,1.52,5.09,3.28,No,Low,4.67,77.16,54.52,53.4,43.29,9.73,14.86,Low,Fail
STU2028,19.0,Female,Computer Science,1,5.39,6.24,5.48,No,Low,0.75,86.71,64.5,70.85,56.87,5.61,49.08,Low,Fail
STU2029,21.0,Male,Electronics,8,2.26,7.23,3.82,No,High,2.52,75.75,77.75,74.13,92.19,8.62,42.65,Low,Fail
STU2030,21.0,Male,Computer Science,2,1.31,4.63,1.84,Yes,Low,,65.54,61.76,75.28,50.91,7.92,44.64,Low,Fail
STU2031,23.0,Female,Electronics,6,3.15,6.74,3.19,No,Medium,4.46,78.09,,61.69,61.45,6.67,46.89,Low,Fail
STU2032,24.0,Male,Mechanical,5,7.98,6.62,4.17,No,Medium,3.55,65.01,74.89,97.21,46.76,8.99,61.1,Average,Pass
STU2033,17.0,Female,Computer Science,3,7.38,6.55,5.82,No,Medium,0.74,54.9,69.76,49.87,44.77,5.17,28.19,Low,Fail
STU2034,22.0,Female,Computer Science,6,5.61,7.74,3.63,No,Low,2.93,86.73,81.99,88.42,88.21,6.63,79.38,Good,Pass
STU2035,17.0,Female,Electronics,3,1.17,6.9,1.58,No,High,2.12,84.95,69.26,85.01,67.57,5.87,51.47,Average,Pass
STU2036,18.0,Male,Business,2,4.51,8.27,4.11,No,High,,83.61,74.78,94.61,67.01,7.65,40.9,Low,Fail
STU2037,24.0,Male,Business,2,5.75,5.31,4.23,Yes,Low,1.79,93.64,85.76,45.76,39.56,5.98,34.41,Low,Fail
STU2038,23.0,Male,Computer Science,7,5.44,6.66,4.37,Yes,Medium,1.46,70.02,81.49,55.84,70.38,7.68,52.7,Average,Pass
STU2039,17.0,Other,Civil,4,0.39,6.6,5.84,Yes,High,0.0,60.83,81.43,88.89,82.36,6.99,28.91,Low,Fail
STU2040,19.0,Female,Electronics,2,2.77,5.22,6.04,Yes,High,4.83,77.16,58.21,41.72,82.24,6.67,60.53,Average,Pass
STU2041,21.0,Female,Electronics,2,4.84,7.65,2.81,No,Medium,2.4,73.83,78.3,45.51,75.02,7.63,61.26,Average,Pass
STU2042,18.0,Female,Civil,3,6.34,9.29,2.77,No,Low,3.24,67.89,61.46,61.16,48.06,6.9,58.73,Average,Pass
STU2043,23.0,Female,Business,4,0.0,6.48,1.92,No,Medium,3.0,77.04,56.62,70.69,69.7,6.0,35.73,Low,Fail
STU2044,17.0,Female,Business,2,4.59,7.11,5.4,Yes,Medium,1.4,70.66,71.14,90.29,75.01,10.0,62.82,Average,Pass
STU2045,22.0,Male,Mechanical,6,5.36,6.6,6.9,Yes,Low,1.11,55.97,61.15,65.41,38.08,6.66,25.4,Low,Fail
STU2046,19.0,Female,Electronics,8,7.12,5.64,3.37,No,Medium,1.49,72.71,81.49,59.48,48.18,4.76,46.7,Low,Fail
STU2047,19.0,Male,Civil,2,6.73,4.32,3.52,No,Medium,1.92,64.36,81.77,72.36,78.32,6.27,40.57,Low,Fail
STU2048,17.0,Female,Computer Science,8,6.46,5.65,6.93,Yes,Medium,3.55,80.78,49.17,74.57,78.14,5.81,27.65,Low,Fail
STU2049,21.0,Female,Mechanical,4,3.0,4.83,,No,High,1.81,70.13,62.06,74.18,41.77,8.11,11.17,Low,Fail
STU2050,17.0,Female,Electronics,7,0.23,8.54,4.87,No,High,5.62,91.34,54.48,65.51,76.93,7.55,22.05,Low,Fail
STU2051,18.0,Male,Mechanical,5,4.02,6.36,1.62,Yes,Medium,,97.25,66.45,40.63,66.43,7.64,64.57,Average,Pass
STU2052,17.0,Male,Computer Science,4,7.5,6.08,5.36,No,High,4.21,86.15,77.46,55.15,76.72,6.79,67.3,Good,Pass
STU2053,19.0,Male,Computer Science,3,8.48,7.57,2.14,Yes,Low,2.82,59.39,69.09,87.88,55.48,6.89,38.64,Low,Fail
STU2054,23.0,Male,Business,5,6.78,,1.73,No,High,5.27,96.06,64.92,70.62,74.68,6.79,63.51,Average,Pass
STU2055,17.0,Male,Computer Science,6,6.07,5.58,3.31,No,Low,2.67,96.91,87.6,63.48,77.66,7.11,80.0,Excellent,Pass
STU2056,21.0,Female,Mechanical,1,5.95,6.58,2.83,Yes,Low,2.95,78.23,44.34,83.65,59.73,8.12,35.06,Low,Fail
STU2057,24.0,Female,Computer Science,8,3.61,7.73,3.56,No,Medium,3.25,93.88,86.84,52.18,65.27,7.57,47.97,Low,Fail
STU2058,23.0,Male,Computer Science,8,4.67,7.1,1.12,No,Medium,4.05,71.38,65.47,64.85,55.27,7.75,30.58,Low,Fail
STU2059,22.0,Male,Computer Science,8,9.17,6.8,5.92,No,High,3.96,55.61,,69.93,89.77,7.75,55.69,Average,Pass
STU2060,20.0,Male,Computer Science,4,2.64,6.59,6.26,Yes,Medium,2.29,68.88,65.67,61.82,63.2,8.17,26.93,Low,Fail
STU2061,17.0,Female,Business,8,13.11150193010327,6.98,0.11,Yes,Medium,2.2,98.75,90.51,69.41,51.17,7.52,63.1,Average,Pass
STU2062,21.0,Male,Computer Science,7,4.19,6.74,5.96,Yes,Medium,3.96,60.11,57.23,65.37,54.26,7.59,24.71,Low,Fail
STU2063,23.0,Female,Business,8,8.31,5.26,,No,Medium,4.07,77.99,72.14,48.41,66.9,8.51,53.91,Average,Pass
STU2064,21.0,Male,Mechanical,3,1.48,6.56,5.71,No,Medium,2.41,78.41,78.33,70.54,76.3,6.47,45.43,Low,Fail
STU2065,22.0,Other,Electronics,6,6.46,5.21,3.86,Yes,Medium,0.62,71.84,52.67,49.4,44.96,6.26,24.32,Low,Fail
STU2066,19.0,Female,Mechanical,8,3.16,6.6,4.06,No,High,2.69,72.68,60.96,70.32,92.71,5.9,40.67,Low,Fail
STU2067,21.0,Male,Mechanical,8,1.46,5.92,3.63,No,High,3.94,78.87,70.22,87.24,69.63,7.4,58.33,Average,Pass
STU2068,23.0,Female,Civil,5,5.55,9.55,6.42,No,High,5.71,71.25,61.36,64.07,72.0,5.16,30.24,Low,Fail
STU2069,21.0,Male,Computer Science,6,7.52,,1.52,No,Medium,1.2,60.94,62.21,51.6,63.54,7.71,26.8,Low,Fail
STU2070,21.0,Female,Electronics,8,2.89,4.81,,No,Medium,2.36,80.58,67.8,66.22,65.29,7.08,47.28,Low,Fail
STU2071,21.0,Male,Business,4,1.25,6.34,6.2,No,Medium,2.42,90.88,79.79,56.35,62.78,8.45,43.15,Low,Fail
STU2072,18.0,Female,Business,2,4.77,7.12,,No,Medium,5.03,88.43,67.89,76.32,80.27,6.46,42.95,Low,Fail
STU2073,18.0,Female,Business,7,4.78,8.51,8.65,Yes,Medium,2.95,68.28,84.94,65.93,64.88,6.98,70.46,Good,Pass
STU2074,19.0,Female,Electronics,4,6.37,5.79,2.94,Yes,High,1.64,62.99,60.03,91.94,76.51,8.43,42.55,Low,Fail
STU2075,17.0,Female,Civil,1,7.37,4.6,5.91,Yes,Medium,3.84,74.59,56.98,84.28,58.49,8.72,44.75,Low,Fail
STU2076,21.0,Male,Electronics,4,4.85,7.48,3.79,No,High,2.39,96.81,95.12,65.86,67.93,6.45,54.13,Average,Pass
STU2077,22.0,Male,Electronics,5,9.64,4.84,,Yes,High,1.16,85.75,64.1,78.02,52.94,7.4,62.65,Average,Pass
STU2078,17.0,Male,Computer Science,5,5.56,5.98,3.98,Yes,High,1.66,86.45,,62.49,83.25,7.52,33.05,Low,Fail
STU2079,22.0,Male,Mechanical,8,4.13,6.19,3.22,No,,5.6,88.68,51.1,68.48,52.49,7.61,31.68,Low,Fail
STU2080,17.0,Female,Computer Science,4,0.97,6.42,6.61,Yes,Medium,3.58,83.05,84.9,62.94,60.13,6.91,65.71,Good,Pass
STU2081,19.0,Male,Electronics,5,4.34,7.33,3.02,Yes,Medium,3.16,79.45,67.9,78.73,60.28,8.61,50.49,Average,Pass
STU2082,21.0,Other,Business,2,4.16,5.68,1.17,Yes,Medium,2.63,85.95,68.96,88.06,59.69,5.12,38.43,Low,Fail
STU2083,21.0,Female,Computer Science,6,7.4,6.17,2.97,No,Low,3.44,71.45,70.09,79.18,75.84,6.74,53.57,Average,Pass
STU2084,20.0,Female,Computer Science,4,6.16,6.48,5.24,Yes,Medium,3.42,61.03,84.16,80.91,60.25,7.69,51.0,Average,Pass
STU2085,22.0,Male,Computer Science,7,2.05,6.68,6.78,No,Medium,3.44,86.68,69.85,80.92,85.91,7.7,69.89,Good,Pass
STU2086,17.0,Female,Business,2,5.43,6.62,4.22,No,Medium,3.17,,100.0,75.72,52.72,8.69,53.93,Average,Pass
STU2087,17.0,Female,Mechanical,8,6.68,7.02,6.64,No,High,4.3,64.58,73.61,52.05,67.54,8.52,42.9,Low,Fail
STU2088,24.0,Male,Electronics,6,8.82,7.51,1.28,No,High,3.03,87.86,84.74,91.81,53.36,6.89,36.8,Low,Fail
STU2089,24.0,Female,Civil,7,7.22,,3.11,No,Low,1.53,98.17,81.66,93.26,71.31,8.63,61.22,Average,Pass
STU2090,18.0,Female,Civil,8,6.9,7.04,3.42,Yes,Medium,,77.97,71.56,64.73,64.76,6.41,46.69,Low,Fail
STU2091,20.0,Male,Electronics,7,5.15,4.6,3.77,Yes,Medium,0.03,68.18,,62.81,62.67,8.22,56.57,Average,Pass
STU2092,23.0,Male,Mechanical,8,5.97,6.56,4.17,Yes,Medium,6.04,79.48,75.98,76.57,82.83,9.19,65.74,Good,Pass
STU2093,24.0,Male,Civil,7,8.12,7.08,5.38,Yes,High,4.29,71.39,78.12,75.71,55.18,8.54,46.61,Low,Fail
STU2094,23.0,Male,Mechanical,6,1.67,7.37,3.11,Yes,,1.75,70.6,65.13,65.17,73.8,7.32,46.37,Low,Fail
STU2095,18.0,Male,Computer Science,2,4.13,5.67,4.28,Yes,Medium,2.58,83.2,74.0,50.5,53.47,6.84,52.35,Average,Pass
STU2096,18.0,Male,Business,7,3.07,5.71,3.91,No,High,2.04,58.76,86.83,72.28,66.69,5.52,25.97,Low,Fail
STU2097,18.0,Male,Mechanical,7,5.95,5.81,2.15,No,High,5.31,60.67,96.84,75.72,47.07,7.54,39.86,Low,Fail
STU2098,22.0,Male,Computer Science,3,8.08,7.14,3.77,Yes,Low,0.87,,82.25,78.16,55.06,5.97,51.79,Average,Pass
STU2099,22.0,Female,Electronics,4,3.51,7.74,3.71,No,Medium,3.17,77.73,94.35,72.89,63.77,6.33,69.32,Good,Pass
STU2100,19.0,Female,Computer Science,6,0.0,6.01,3.67,Yes,Medium,2.84,82.12,,64.2,92.22,5.89,44.91,Low,Fail
STU2101,19.0,Female,Computer Science,8,3.97,7.59,4.06,Yes,Medium,4.24,100.0,80.42,81.92,66.51,6.69,53.83,Average,Pass
STU2102,18.0,Male,Civil,6,,6.65,,No,Low,2.84,79.25,88.06,68.92,89.82,7.17,78.34,Good,Pass
STU2103,20.0,Male,Computer Science,5,6.34,6.35,3.14,Yes,Medium,0.36,85.18,61.24,61.49,68.3,7.5,53.0,Average,Pass
STU2104,17.0,Male,Electronics,8,6.07,6.25,6.55,Yes,Medium,2.62,66.29,66.17,65.47,59.19,6.54,44.16,Low,Fail
STU2105,22.0,Male,Mechanical,6,4.3,7.4,,Yes,Medium,1.54,87.22,92.85,43.56,88.09,8.38,68.53,Good,Pass
STU2106,20.0,Male,Computer Science,2,1.8,6.89,2.56,No,Medium,3.12,71.68,60.3,65.45,71.56,6.97,26.89,Low,Fail
STU2107,21.0,Female,Business,8,6.29,9.23,9.56,No,High,5.15,78.86,55.91,77.64,55.36,6.33,47.73,Low,Fail
STU2108,22.0,Male,Computer Science,8,2.91,5.48,1.92,Yes,Low,0.39,76.69,90.34,72.76,72.06,7.45,70.69,Good,Pass
STU2109,22.0,Female,Electronics,6,10.46,7.12,1.29,No,Low,1.8,90.4,86.36,89.29,60.61,9.36,87.0,Excellent,Pass
STU2110,19.0,Female,Electronics,8,6.43,5.86,5.47,No,High,2.17,62.28,77.19,64.32,35.16,7.57,15.07,Low,Fail
STU2111,17.0,Male,Computer Science,3,3.55,5.46,0.0,No,Low,2.43,50.6,71.45,74.82,79.04,6.8,50.82,Average,Pass
STU2112,17.0,Male,Computer Science,4,3.47,6.49,3.53,No,High,4.11,75.44,66.74,79.1,81.42,5.52,43.92,Low,Fail
STU2113,24.0,Female,Civil,8,4.77,6.66,8.29,Yes,Medium,2.74,83.62,75.38,100.0,92.57,6.96,82.83,Excellent,Pass
STU2114,23.0,Male,Business,4,4.4,,0.91,Yes,Medium,3.62,79.83,90.96,70.03,71.33,7.46,71.14,Good,Pass
STU2115,23.0,Male,Computer Science,6,7.79,6.28,0.04,No,Low,2.06,92.79,74.86,53.38,61.27,6.77,60.12,Average,Pass
STU2116,23.0,Other,Mechanical,7,,5.14,1.0,No,Low,3.34,83.25,98.0,79.87,77.52,5.37,54.48,Average,Pass
STU2117,23.0,Male,Civil,1,3.17,6.83,5.8,No,Low,4.17,71.23,61.22,94.12,77.75,6.26,70.96,Good,Pass
STU2118,21.0,Female,Civil,1,9.73,4.01,6.25,No,Low,1.9,50.09,71.76,63.48,89.57,8.8,65.46,Good,Pass
STU2119,21.0,Other,Electronics,7,5.12,6.39,2.97,No,Medium,4.17,75.15,67.52,79.78,64.33,8.78,40.96,Low,Fail
STU2120,22.0,Male,Electronics,7,6.92,6.52,5.37,No,Low,3.08,90.34,58.98,85.2,62.52,6.22,61.03,Average,Pass
STU2121,18.0,Male,Electronics,7,3.48,7.45,6.78,No,Medium,4.57,73.3,70.16,82.24,54.27,7.94,24.13,Low,Fail
STU2122,19.0,Male,Civil,2,,,7.57,No,Medium,2.7,78.34,77.01,69.76,73.06,5.9,62.31,Average,Pass
STU2123,19.0,Male,Civil,1,5.78,5.9,3.51,No,Medium,3.57,83.06,78.29,58.22,41.78,8.74,24.33,Low,Fail
STU2124,23.0,Male,Computer Science,7,0.28,6.32,0.0,Yes,Low,2.94,65.82,98.05,66.86,76.64,7.47,55.01,Average,Pass
STU2125,22.0,Female,Electronics,2,10.04,5.58,2.36,Yes,Low,2.86,85.48,77.57,74.42,73.82,8.24,77.12,Good,Pass
STU2126,0.0,Male,Business,5,8.23,5.15,3.15,No,Low,3.39,97.65,85.8,80.72,73.78,5.31,84.06,Excellent,Pass
STU2127,20.0,Male,Civil,8,4.01,6.87,3.48,No,Medium,3.81,75.93,72.79,72.68,67.07,7.95,47.37,Low,Fail
STU2128,18.0,Other,Business,2,2.24,4.97,3.62,No,Medium,1.13,64.45,92.14,62.68,87.99,7.19,58.35,Average,Pass
STU2129,22.0,Female,Civil,1,5.87,6.0,6.24,No,,5.15,77.2,100.0,75.78,78.08,8.14,55.37,Average,Pass
STU2130,18.0,Female,Electronics,6,5.22,5.31,6.55,Yes,Medium,0.21,51.31,78.37,80.04,55.89,8.21,39.39,Low,Fail
STU2131,18.0,Male,Mechanical,5,5.89,7.16,3.66,Yes,Medium,1.97,82.04,60.09,73.31,56.16,7.27,47.01,Low,Fail
STU2132,18.0,Female,Mechanical,1,5.48,8.66,6.2,No,Medium,2.86,83.43,65.41,56.29,51.8,6.54,35.73,Low,Fail
STU2133,22.0,Female,Computer Science,8,6.27,4.94,4.72,Yes,Medium,3.62,98.11,75.38,65.46,73.27,8.06,48.02,Low,Fail
STU2134,23.0,Male,Mechanical,2,8.62,4.28,4.13,Yes,Medium,5.36,75.67,77.48,81.27,50.0,7.13,43.51,Low,Fail
STU2135,19.0,Male,Civil,3,6.42,6.35,5.81,Yes,Low,0.21,82.9,80.38,48.64,81.25,6.24,67.9,Good,Pass
STU2136,19.0,Female,Computer Science,4,2.38,6.52,4.14,Yes,Medium,2.24,,77.52,38.7,84.84,6.19,43.9,Low,Fail
STU2137,23.0,Male,Civil,8,8.41,6.76,8.12,No,Medium,0.0,73.72,72.08,89.11,51.81,5.58,44.03,Low,Fail
STU2138,18.0,Male,Mechanical,1,9.1,5.96,1.12,Yes,Medium,3.05,59.7,64.37,75.16,62.22,6.64,43.54,Low,Fail
STU2139,20.0,Male,Business,7,12.0,,,No,Medium,3.41,75.66,76.81,76.49,65.25,8.41,51.83,Average,Pass
STU2140,17.0,Male,Computer Science,2,,6.94,3.75,Yes,Medium,5.39,74.34,94.26,52.92,78.26,7.4,49.38,Low,Fail
STU2141,22.0,Female,Computer Science,7,5.61,7.75,4.88,No,Medium,3.18,81.59,84.24,78.33,89.14,6.62,62.33,Average,Pass
STU2142,17.0,Female,Mechanical,7,0.0,4.15,6.54,Yes,Medium,4.57,70.52,78.42,71.85,39.72,8.09,29.19,Low,Fail
STU2143,24.0,Female,Computer Science,7,6.38,6.06,3.95,No,Medium,3.88,79.0,84.35,45.82,60.23,6.28,48.46,Low,Fail
STU2144,23.0,Male,Civil,7,3.63,6.76,1.16,No,Medium,2.35,74.0,67.55,87.94,61.01,7.3,41.42,Low,Fail
STU2145,20.0,Male,Civil,7,9.81,5.4,5.69,Yes,Medium,0.89,74.02,65.9,70.22,43.99,7.0,33.55,Low,Fail
STU2146,22.0,Male,Computer Science,5,3.06,8.58,5.51,No,Medium,3.41,78.96,63.03,62.45,57.72,8.06,22.93,Low,Fail
STU2147,23.0,Male,Mechanical,1,0.78,5.74,0.12,No,High,0.76,78.49,70.5,62.71,71.42,5.47,57.61,Average,Pass
STU2148,18.0,Male,Mechanical,8,,6.45,3.99,Yes,Medium,4.94,87.13,66.94,39.79,60.82,6.26,30.57,Low,Fail
STU2149,19.0,Female,Electronics,1,0.06,7.17,0.82,Yes,Medium,2.76,76.55,86.5,76.31,41.83,5.4,29.85,Low,Fail
STU2150,17.0,Male,Business,8,6.88,,2.67,No,High,4.79,73.8,66.3,71.67,100.0,6.91,60.45,Average,Pass
STU2151,21.0,Female,Civil,4,0.0,4.28,2.19,No,Medium,2.28,75.83,62.37,65.28,68.99,8.53,40.08,Low,Fail
STU2152,21.0,Male,Mechanical,2,5.07,5.99,5.62,Yes,Low,3.4,69.42,95.31,85.9,66.68,,68.02,Good,Pass
STU2153,20.0,Male,Civil,3,,7.74,4.23,Yes,High,3.31,,66.58,48.63,48.53,6.64,14.16,Low,Fail
STU2154,18.0,Male,Electronics,5,4.2,6.1,1.43,No,Low,2.93,100.0,73.84,59.65,68.91,8.16,63.26,Average,Pass
STU2155,24.0,Other,Business,2,9.11,5.48,5.76,No,Medium,2.35,67.05,77.42,56.1,62.54,8.38,47.29,Low,Fail
STU2156,17.0,Female,Mechanical,5,5.9,7.61,1.13,No,High,3.59,74.66,58.36,64.1,36.67,7.1,16.79,Low,Fail
STU2157,18.0,Female,Civil,8,2.84,6.1,4.66,Yes,High,1.61,73.35,86.83,68.94,48.95,7.95,36.19,Low,Fail
STU2158,17.0,Male,Business,1,4.92,5.89,2.37,No,Low,1.19,75.03,79.65,74.02,76.92,6.02,69.26,Good,Pass
STU2159,20.0,Male,Computer Science,7,5.05,6.68,3.27,Yes,Medium,4.86,74.03,90.7,63.14,94.16,8.72,68.24,Good,Pass
STU2160,20.0,Female,Civil,4,6.18,7.42,5.01,Yes,,,81.35,63.85,55.72,70.51,9.56,52.59,Average,Pass
STU2161,24.0,Male,Computer Science,4,1.58,9.36,5.04,No,Medium,3.1,57.48,73.19,91.6,81.55,7.77,56.72,Average,Pass
STU2162,21.0,Female,Electronics,6,6.48,7.49,6.67,No,Low,5.5,90.45,72.47,100.0,62.66,4.91,71.74,Good,Pass
STU2163,18.0,Male,Electronics,3,0.0,7.89,3.84,Yes,Medium,2.6,85.59,75.17,70.01,63.7,6.59,60.8,Average,Pass
STU2164,22.0,Male,Business,4,3.43,5.89,4.61,No,Medium,4.98,63.09,54.54,57.41,81.36,7.87,21.41,Low,Fail
STU2165,21.0,Male,Business,7,3.78,5.27,3.12,No,Low,3.26,50.77,73.33,88.66,89.94,6.74,64.23,Average,Pass
STU2166,18.0,Male,Civil,1,6.58,6.57,4.36,No,Medium,1.46,66.28,54.88,47.75,84.52,8.6,51.29,Average,Pass
STU2167,21.0,Female,Civil,3,5.06,6.63,4.88,No,Medium,5.77,75.09,76.3,63.31,49.0,7.85,29.01,Low,Fail
STU2168,22.0,Male,Mechanical,8,1.49,5.21,3.8,No,High,4.49,100.0,46.46,58.25,64.0,6.42,32.79,Low,Fail
STU2169,19.0,Male,Business,2,2.54,6.29,0.39,Yes,High,2.82,84.52,49.78,51.77,69.16,7.24,43.61,Low,Fail
STU2170,19.0,Male,Electronics,8,5.5,6.98,4.66,No,Medium,4.09,56.31,,64.08,61.1,6.22,29.41,Low,Fail
STU2171,24.0,Male,Electronics,7,4.8,6.93,4.73,No,High,,69.72,65.44,55.9,70.82,7.0,37.14,Low,Fail
STU2172,19.0,Female,Computer Science,7,3.55,7.11,2.64,No,High,4.24,77.36,60.15,68.18,77.31,6.59,46.35,Low,Fail
STU2173,19.0,Female,Civil,4,3.8,6.85,1.43,No,Medium,0.0,81.04,87.25,68.38,80.04,8.49,47.94,Low,Fail
STU2174,23.0,Female,Civil,3,6.74,5.89,6.95,No,Low,1.47,62.22,75.93,59.3,90.29,9.53,60.16,Average,Pass
STU2175,17.0,Female,Electronics,1,3.71,5.88,4.98,Yes,Medium,4.47,76.38,82.47,62.81,60.06,5.63,48.22,Low,Fail
STU2176,23.0,Male,Computer Science,8,4.78,5.06,3.54,Yes,Medium,2.63,69.39,70.01,64.77,44.54,5.08,25.12,Low,Fail
STU2177,23.0,Female,Civil,6,10.42,8.64,1.73,No,Medium,3.31,64.75,100.0,79.34,70.37,,54.14,Average,Pass
STU2178,24.0,Male,Computer Science,8,1.44,6.52,2.36,Yes,Medium,0.98,81.12,64.75,65.92,93.26,5.53,54.22,Average,Pass
STU2179,23.0,Male,Civil,5,0.37,6.23,6.61,Yes,Medium,5.77,87.29,92.93,79.55,57.85,7.25,58.54,Average,Pass
STU2180,19.0,Female,Business,5,6.96,5.39,4.28,No,Medium,4.79,88.09,71.26,76.2,75.3,8.02,66.14,Good,Pass
STU2181,22.0,Male,Electronics,1,3.3,10.0,2.9,No,,2.7,84.89,52.15,76.0,75.44,8.84,46.1,Low,Fail
STU2182,24.0,Female,Computer Science,1,4.2,5.21,5.02,Yes,High,2.39,72.03,77.79,87.43,67.87,7.42,51.49,Average,Pass
STU2183,24.0,Male,Civil,5,3.05,5.99,2.37,No,Medium,4.54,86.57,,52.33,65.1,6.99,35.93,Low,Fail
STU2184,20.0,Female,Civil,6,4.35,7.0,7.0,No,High,,81.71,59.38,61.38,51.15,5.02,8.8,Low,Fail
STU2185,24.0,Female,Mechanical,3,9.0,,6.71,No,Low,4.43,79.61,60.93,92.69,30.78,7.23,39.72,Low,Fail
STU2186,20.0,Female,Business,5,7.01,7.65,3.07,No,,6.26,70.66,71.7,64.4,48.32,7.28,40.69,Low,Fail
STU2187,24.0,Female,Computer Science,1,7.16,8.67,2.74,Yes,Low,1.62,72.04,76.2,28.59,59.15,7.9,54.85,Average,Pass
STU2188,17.0,Female,Mechanical,4,1.46,7.11,0.0,Yes,Low,1.77,78.89,42.35,65.16,81.46,6.42,49.11,Low,Fail
STU2189,19.0,Male,Civil,2,2.12,5.23,1.04,Yes,Low,1.22,100.0,84.64,69.89,63.45,6.72,58.74,Average,Pass
STU2190,24.0,Male,Business,6,0.0,6.19,1.32,No,Medium,3.66,81.61,66.07,31.36,57.21,5.57,21.71,Low,Fail
STU2191,19.0,Male,Computer Science,7,2.98,6.87,4.27,No,High,3.26,70.67,56.02,86.68,51.64,4.68,23.4,Low,Fail
STU2192,19.0,Female,Civil,6,7.39,8.98,3.35,No,Medium,2.77,,83.29,58.01,74.85,5.98,40.95,Low,Fail
STU2193,21.0,Male,Mechanical,4,6.29,,1.31,No,High,4.21,72.1,71.72,72.6,85.38,5.47,43.83,Low,Fail
STU2194,24.0,Female,Electronics,4,4.45,,3.44,No,Medium,4.85,100.0,86.59,64.84,80.95,7.57,63.58,Average,Pass
STU2195,18.0,Male,Computer Science,7,4.94,6.72,5.01,No,Medium,0.71,73.21,77.26,49.96,74.09,6.63,32.55,Low,Fail
STU2196,21.0,Male,Business,8,3.28,7.51,5.06,Yes,High,2.1,88.88,71.98,53.01,42.87,6.61,20.97,Low,Fail
STU2197,18.0,Female,Computer Science,1,5.51,,0.2,Yes,Medium,4.23,73.49,70.17,54.91,59.72,6.12,46.72,Low,Fail
STU2198,19.0,Male,Electronics,5,6.91,,,No,Medium,2.3,81.13,77.79,83.2,94.21,4.0,66.6,Good,Pass
STU2199,19.0,Male,Computer Science,8,0.96,7.4,,Yes,High,1.8,87.5,67.04,65.93,81.83,8.86,44.36,Low,Fail
STU2200,21.0,Male,Business,3,5.75,7.29,5.8,Yes,High,4.53,71.14,61.77,60.69,41.94,6.1,14.74,Low,Fail
STU1782,19.0,Male,Business,1,2.63,6.79,4.23,No,Low,5.07,74.6,60.7,96.27,96.48,9.47,80.83,Excellent,Pass
STU1812,19.0,Male,Computer Science,5,5.91,9.31,7.0,No,High,,66.63,66.86,75.96,58.87,6.96,38.22,Low,Fail
STU2080,17.0,Female,Computer Science,4,0.97,6.42,6.61,Yes,Medium,3.58,83.05,84.9,62.94,60.13,6.91,65.71,Good,Pass
STU1599,20.0,Female,Mechanical,5,5.35,6.23,1.01,No,Medium,1.52,80.75,80.44,77.78,68.09,5.89,47.19,Low,Fail
STU2171,24.0,Male,Electronics,7,4.8,6.93,4.73,No,High,,69.72,65.44,55.9,70.82,7.0,37.14,Low,Fail
STU1559,24.0,Female,Mechanical,1,5.49,8.46,3.18,Yes,Medium,3.8,68.36,83.03,78.02,75.83,7.94,58.59,Average,Pass
STU1259,24.0,Female,Mechanical,2,9.12,5.33,4.33,No,Medium,2.35,81.9,64.1,71.95,67.43,7.14,50.22,Average,Pass
STU2182,24.0,Female,Computer Science,1,4.2,5.21,5.02,Yes,High,2.39,72.03,77.79,87.43,67.87,7.42,51.49,Average,Pass
STU1565,20.0,Male,Mechanical,2,4.44,7.32,9.41,No,High,1.54,69.33,62.9,55.0,57.48,4.89,34.89,Low,Fail
STU1921,21.0,Male,Business,2,5.56,5.71,7.16,Yes,High,7.15,84.27,72.13,98.1,47.8,6.73,42.0,Low,Fail
STU2067,21.0,Male,Mechanical,8,1.46,5.92,3.63,No,High,3.94,78.87,70.22,87.24,69.63,7.4,58.33,Average,Pass
STU1928,20.0,Male,Computer Science,1,3.76,6.4,4.26,No,High,4.01,68.96,75.5,76.12,92.52,6.42,40.03,Low,Fail
